--
-- PostgreSQL database dump
--

-- Dumped from database version 15.8
-- Dumped by pg_dump version 16.8 (Ubuntu 16.8-0ubuntu0.24.04.1)

SET statement_timeout = 0;
SET lock_timeout = 0;
SET idle_in_transaction_session_timeout = 0;
SET client_encoding = 'UTF8';
SET standard_conforming_strings = on;
SELECT pg_catalog.set_config('search_path', '', false);
SET check_function_bodies = false;
SET xmloption = content;
SET client_min_messages = warning;
SET row_security = off;

--
-- Name: public; Type: SCHEMA; Schema: -; Owner: pg_database_owner
--

CREATE SCHEMA public;


ALTER SCHEMA public OWNER TO pg_database_owner;

--
-- Name: SCHEMA public; Type: COMMENT; Schema: -; Owner: pg_database_owner
--

COMMENT ON SCHEMA public IS 'standard public schema';


--
-- Name: tipo_local_enum; Type: TYPE; Schema: public; Owner: postgres
--

CREATE TYPE public.tipo_local_enum AS ENUM (
    'AMBIENTE_INTERNO_APARTAMENTO',
    'AREA_COMUM_INTERNA_BLOCO',
    'AREA_COMUM_FACHADA_BLOCO',
    'AREA_COMUM_EXTERNA_BLOCO',
    'AREA_COMUM_MODULO',
    'RUA',
    'APARTAMENTO'
);


ALTER TYPE public.tipo_local_enum OWNER TO postgres;

--
-- Name: checar_soma_100_tarefa(bigint); Type: FUNCTION; Schema: public; Owner: postgres
--

CREATE FUNCTION public.checar_soma_100_tarefa(p_tarefa_id bigint) RETURNS void
    LANGUAGE plpgsql
    AS $$
DECLARE
    v_soma_percentual NUMERIC;
    v_tolerancia NUMERIC := 0.01; -- Pequena tolerância para comparações numéricas
BEGIN
    -- Calcula a soma atual para a tarefa_id dada
    SELECT COALESCE(SUM(percentual), 0.00) INTO v_soma_percentual
    FROM public.tarefa_responsaveis
    WHERE tarefa_id = p_tarefa_id;

    -- Verifica se a soma está fora da tolerância de 100.00
    IF ABS(v_soma_percentual - 100.00) > v_tolerancia THEN
        -- Lança uma exceção com uma mensagem clara e um ERRCODE personalizado
        -- SQLSTATE 'P0001' é um código não atribuído que podemos usar para identificar este erro específico.
        RAISE EXCEPTION USING
            MESSAGE = FORMAT('Erro de Validação: A soma dos percentuais de responsabilidade para a tarefa ID %s deve ser exatamente 100.00. Soma atual: %s%%',
                             p_tarefa_id, ROUND(v_soma_percentual, 2)),
            ERRCODE = 'P0001', -- Código de erro personalizado (começa com P)
            HINT = 'Ajuste os percentuais na tabela tarefa_responsaveis para que somem 100 para esta tarefa.';
    END IF;
END;
$$;


ALTER FUNCTION public.checar_soma_100_tarefa(p_tarefa_id bigint) OWNER TO postgres;

--
-- Name: sum_function(integer, integer); Type: FUNCTION; Schema: public; Owner: postgres
--

CREATE FUNCTION public.sum_function(a integer, b integer) RETURNS integer
    LANGUAGE plpgsql
    AS $$
begin
    return a + b;
end;
$$;


ALTER FUNCTION public.sum_function(a integer, b integer) OWNER TO postgres;

--
-- Name: trigger_checar_soma_100_tarefa(); Type: FUNCTION; Schema: public; Owner: postgres
--

CREATE FUNCTION public.trigger_checar_soma_100_tarefa() RETURNS trigger
    LANGUAGE plpgsql
    AS $$
BEGIN
    -- Chama a função de verificação para a tarefa afetada.
    -- Para DELETE, usa o ID antigo. Para INSERT/UPDATE, usa o ID novo.
    IF (TG_OP = 'DELETE') THEN
        PERFORM public.checar_soma_100_tarefa(OLD.tarefa_id);
    ELSIF (TG_OP = 'INSERT' OR TG_OP = 'UPDATE') THEN
        PERFORM public.checar_soma_100_tarefa(NEW.tarefa_id);
        -- Se o UPDATE mudou a tarefa_id (improvável mas possível), checar a antiga também?
        IF (TG_OP = 'UPDATE' AND OLD.tarefa_id <> NEW.tarefa_id) THEN
             PERFORM public.checar_soma_100_tarefa(OLD.tarefa_id);
        END IF;
    END IF;

    -- O valor de retorno é ignorado para gatilhos AFTER, mas é obrigatório retornar algo.
    -- Para constraint triggers, o retorno não é usado diretamente desta forma.
    RETURN NULL;
END;
$$;


ALTER FUNCTION public.trigger_checar_soma_100_tarefa() OWNER TO postgres;

SET default_tablespace = '';

SET default_table_access_method = heap;

--
-- Name: alembic_version; Type: TABLE; Schema: public; Owner: postgres
--

CREATE TABLE public.alembic_version (
    version_num character varying(32) NOT NULL
);


ALTER TABLE public.alembic_version OWNER TO postgres;

--
-- Name: apartamentos; Type: TABLE; Schema: public; Owner: postgres
--

CREATE TABLE public.apartamentos (
    id bigint NOT NULL,
    nome text NOT NULL,
    pavimento_id bigint NOT NULL
);


ALTER TABLE public.apartamentos OWNER TO postgres;

--
-- Name: apartamentos_id_seq; Type: SEQUENCE; Schema: public; Owner: postgres
--

ALTER TABLE public.apartamentos ALTER COLUMN id ADD GENERATED BY DEFAULT AS IDENTITY (
    SEQUENCE NAME public.apartamentos_id_seq
    START WITH 1
    INCREMENT BY 1
    NO MINVALUE
    NO MAXVALUE
    CACHE 1
);


--
-- Name: blocos; Type: TABLE; Schema: public; Owner: postgres
--

CREATE TABLE public.blocos (
    id bigint NOT NULL,
    nome text NOT NULL,
    modulo_id bigint NOT NULL
);


ALTER TABLE public.blocos OWNER TO postgres;

--
-- Name: blocos_id_seq; Type: SEQUENCE; Schema: public; Owner: postgres
--

ALTER TABLE public.blocos ALTER COLUMN id ADD GENERATED BY DEFAULT AS IDENTITY (
    SEQUENCE NAME public.blocos_id_seq
    START WITH 1
    INCREMENT BY 1
    NO MINVALUE
    NO MAXVALUE
    CACHE 1
);


--
-- Name: locais; Type: TABLE; Schema: public; Owner: postgres
--

CREATE TABLE public.locais (
    id bigint NOT NULL,
    tipo_local public.tipo_local_enum NOT NULL,
    nome_display character varying(350) NOT NULL,
    obra_id bigint NOT NULL
);


ALTER TABLE public.locais OWNER TO postgres;

--
-- Name: locais_id_seq; Type: SEQUENCE; Schema: public; Owner: postgres
--

ALTER TABLE public.locais ALTER COLUMN id ADD GENERATED BY DEFAULT AS IDENTITY (
    SEQUENCE NAME public.locais_id_seq
    START WITH 1
    INCREMENT BY 1
    NO MINVALUE
    NO MAXVALUE
    CACHE 1
);


--
-- Name: local_ambiente_interno_apartamento; Type: TABLE; Schema: public; Owner: postgres
--

CREATE TABLE public.local_ambiente_interno_apartamento (
    local_id bigint NOT NULL,
    apartamento_id bigint NOT NULL,
    nome_ambiente character varying(150) NOT NULL
);


ALTER TABLE public.local_ambiente_interno_apartamento OWNER TO postgres;

--
-- Name: local_apartamento; Type: TABLE; Schema: public; Owner: postgres
--

CREATE TABLE public.local_apartamento (
    local_id bigint NOT NULL,
    apartamento_id bigint NOT NULL
);


ALTER TABLE public.local_apartamento OWNER TO postgres;

--
-- Name: local_area_comum_externa_bloco; Type: TABLE; Schema: public; Owner: postgres
--

CREATE TABLE public.local_area_comum_externa_bloco (
    local_id bigint NOT NULL,
    bloco_id bigint NOT NULL,
    nome_area character varying(150) NOT NULL
);


ALTER TABLE public.local_area_comum_externa_bloco OWNER TO postgres;

--
-- Name: local_area_comum_fachada_bloco; Type: TABLE; Schema: public; Owner: postgres
--

CREATE TABLE public.local_area_comum_fachada_bloco (
    local_id bigint NOT NULL,
    bloco_id bigint NOT NULL,
    pano_vertical character varying(100) NOT NULL,
    pavimento_referencia character varying(50) NOT NULL
);


ALTER TABLE public.local_area_comum_fachada_bloco OWNER TO postgres;

--
-- Name: local_area_comum_interna_bloco; Type: TABLE; Schema: public; Owner: postgres
--

CREATE TABLE public.local_area_comum_interna_bloco (
    local_id bigint NOT NULL,
    bloco_id bigint NOT NULL,
    nome_area character varying(150) NOT NULL
);


ALTER TABLE public.local_area_comum_interna_bloco OWNER TO postgres;

--
-- Name: local_area_comum_modulo; Type: TABLE; Schema: public; Owner: postgres
--

CREATE TABLE public.local_area_comum_modulo (
    local_id bigint NOT NULL,
    modulo_id bigint NOT NULL,
    nome_area character varying(150) NOT NULL
);


ALTER TABLE public.local_area_comum_modulo OWNER TO postgres;

--
-- Name: local_rua; Type: TABLE; Schema: public; Owner: postgres
--

CREATE TABLE public.local_rua (
    local_id bigint NOT NULL,
    nome_rua character varying(255) NOT NULL
);


ALTER TABLE public.local_rua OWNER TO postgres;

--
-- Name: modulos; Type: TABLE; Schema: public; Owner: postgres
--

CREATE TABLE public.modulos (
    id bigint NOT NULL,
    nome text NOT NULL,
    obra_id bigint NOT NULL
);


ALTER TABLE public.modulos OWNER TO postgres;

--
-- Name: modulos_id_seq; Type: SEQUENCE; Schema: public; Owner: postgres
--

ALTER TABLE public.modulos ALTER COLUMN id ADD GENERATED BY DEFAULT AS IDENTITY (
    SEQUENCE NAME public.modulos_id_seq
    START WITH 1
    INCREMENT BY 1
    NO MINVALUE
    NO MAXVALUE
    CACHE 1
);


--
-- Name: obras; Type: TABLE; Schema: public; Owner: postgres
--

CREATE TABLE public.obras (
    obra_id bigint NOT NULL,
    nome text NOT NULL
);


ALTER TABLE public.obras OWNER TO postgres;

--
-- Name: obras_obra_id_seq; Type: SEQUENCE; Schema: public; Owner: postgres
--

ALTER TABLE public.obras ALTER COLUMN obra_id ADD GENERATED BY DEFAULT AS IDENTITY (
    SEQUENCE NAME public.obras_obra_id_seq
    START WITH 1
    INCREMENT BY 1
    NO MINVALUE
    NO MAXVALUE
    CACHE 1
);


--
-- Name: pavimentos; Type: TABLE; Schema: public; Owner: postgres
--

CREATE TABLE public.pavimentos (
    id bigint NOT NULL,
    nome text NOT NULL,
    bloco_id bigint NOT NULL
);


ALTER TABLE public.pavimentos OWNER TO postgres;

--
-- Name: pavimentos_id_seq; Type: SEQUENCE; Schema: public; Owner: postgres
--

ALTER TABLE public.pavimentos ALTER COLUMN id ADD GENERATED BY DEFAULT AS IDENTITY (
    SEQUENCE NAME public.pavimentos_id_seq
    START WITH 1
    INCREMENT BY 1
    NO MINVALUE
    NO MAXVALUE
    CACHE 1
);


--
-- Name: precos_tarefa_local; Type: TABLE; Schema: public; Owner: postgres
--

CREATE TABLE public.precos_tarefa_local (
    id bigint NOT NULL,
    tipos_tarefa_id bigint NOT NULL,
    local_id bigint NOT NULL,
    preco numeric(12,2) NOT NULL,
    unidade_medida character varying(50),
    validade_inicio date DEFAULT CURRENT_DATE,
    validade_fim date,
    created_at timestamp with time zone DEFAULT now() NOT NULL,
    CONSTRAINT precos_tarefa_local_preco_check CHECK ((preco >= (0)::numeric))
);


ALTER TABLE public.precos_tarefa_local OWNER TO postgres;

--
-- Name: precos_tarefa_local_id_seq; Type: SEQUENCE; Schema: public; Owner: postgres
--

ALTER TABLE public.precos_tarefa_local ALTER COLUMN id ADD GENERATED BY DEFAULT AS IDENTITY (
    SEQUENCE NAME public.precos_tarefa_local_id_seq
    START WITH 1
    INCREMENT BY 1
    NO MINVALUE
    NO MAXVALUE
    CACHE 1
);


--
-- Name: responsaveis; Type: TABLE; Schema: public; Owner: postgres
--

CREATE TABLE public.responsaveis (
    id bigint NOT NULL,
    nome text NOT NULL,
    matricula numeric,
    funcao text,
    data_admissao date,
    situacao text,
    salario_categoria numeric,
    obra_id bigint
);


ALTER TABLE public.responsaveis OWNER TO postgres;

--
-- Name: responsaveis_id_seq; Type: SEQUENCE; Schema: public; Owner: postgres
--

ALTER TABLE public.responsaveis ALTER COLUMN id ADD GENERATED BY DEFAULT AS IDENTITY (
    SEQUENCE NAME public.responsaveis_id_seq
    START WITH 1
    INCREMENT BY 1
    NO MINVALUE
    NO MAXVALUE
    CACHE 1
);


--
-- Name: tarefa_responsaveis; Type: TABLE; Schema: public; Owner: postgres
--

CREATE TABLE public.tarefa_responsaveis (
    tarefa_id bigint NOT NULL,
    responsavel_id bigint NOT NULL,
    percentual numeric(5,2) DEFAULT 100.00 NOT NULL,
    eh_principal boolean DEFAULT false NOT NULL,
    CONSTRAINT tarefa_responsaveis_percentual_check CHECK (((percentual > (0)::numeric) AND (percentual <= 100.00)))
);


ALTER TABLE public.tarefa_responsaveis OWNER TO postgres;

--
-- Name: tarefas; Type: TABLE; Schema: public; Owner: postgres
--

CREATE TABLE public.tarefas (
    id bigint NOT NULL,
    nome text NOT NULL,
    created_at timestamp with time zone DEFAULT now() NOT NULL,
    inicio date,
    fim date,
    local_id bigint,
    tipos_tarefa_id bigint,
    preco_tarefa_local_id bigint
);


ALTER TABLE public.tarefas OWNER TO postgres;

--
-- Name: tarefas_id_seq; Type: SEQUENCE; Schema: public; Owner: postgres
--

ALTER TABLE public.tarefas ALTER COLUMN id ADD GENERATED BY DEFAULT AS IDENTITY (
    SEQUENCE NAME public.tarefas_id_seq
    START WITH 1
    INCREMENT BY 1
    NO MINVALUE
    NO MAXVALUE
    CACHE 1
);


--
-- Name: tipos_tarefas; Type: TABLE; Schema: public; Owner: postgres
--

CREATE TABLE public.tipos_tarefas (
    id bigint NOT NULL,
    nome character varying(255) NOT NULL,
    funcao text
);


ALTER TABLE public.tipos_tarefas OWNER TO postgres;

--
-- Name: tipos_tarefas_id_seq; Type: SEQUENCE; Schema: public; Owner: postgres
--

ALTER TABLE public.tipos_tarefas ALTER COLUMN id ADD GENERATED BY DEFAULT AS IDENTITY (
    SEQUENCE NAME public.tipos_tarefas_id_seq
    START WITH 1
    INCREMENT BY 1
    NO MINVALUE
    NO MAXVALUE
    CACHE 1
);


--
-- Data for Name: alembic_version; Type: TABLE DATA; Schema: public; Owner: postgres
--

COPY public.alembic_version (version_num) FROM stdin;
\.


--
-- Data for Name: apartamentos; Type: TABLE DATA; Schema: public; Owner: postgres
--

COPY public.apartamentos (id, nome, pavimento_id) FROM stdin;
1	101	1
2	102	1
3	103	1
4	104	1
5	201	2
6	202	2
7	203	2
8	204	2
9	301	3
10	302	3
11	303	3
12	304	3
13	401	4
14	402	4
15	403	4
16	404	4
17	101	5
18	102	5
19	103	5
20	104	5
21	201	6
22	202	6
23	203	6
24	204	6
25	301	7
26	302	7
27	303	7
28	304	7
29	401	8
30	402	8
31	403	8
32	404	8
33	101	9
34	102	9
35	103	9
36	104	9
37	201	10
38	202	10
39	203	10
40	204	10
41	301	11
42	302	11
43	303	11
44	304	11
45	401	12
46	402	12
47	403	12
48	404	12
49	101	13
50	102	13
51	103	13
52	104	13
53	201	14
54	202	14
55	203	14
56	204	14
57	301	15
58	302	15
59	303	15
60	304	15
61	401	16
62	402	16
63	403	16
64	404	16
65	101	17
66	102	17
67	103	17
68	104	17
69	201	18
70	202	18
71	203	18
72	204	18
73	301	19
74	302	19
75	303	19
76	304	19
77	401	20
78	402	20
79	403	20
80	404	20
81	101	21
82	102	21
83	103	21
84	104	21
85	201	22
86	202	22
87	203	22
88	204	22
89	301	23
90	302	23
91	303	23
92	304	23
93	401	24
94	402	24
95	403	24
96	404	24
97	101	25
98	102	25
99	103	25
100	104	25
101	201	26
102	202	26
103	203	26
104	204	26
105	301	27
106	302	27
107	303	27
108	304	27
109	401	28
110	402	28
111	403	28
112	404	28
113	101	29
114	102	29
115	103	29
116	104	29
117	201	30
118	202	30
119	203	30
120	204	30
121	301	31
122	302	31
123	303	31
124	304	31
125	401	32
126	402	32
127	403	32
128	404	32
129	101	33
130	102	33
131	103	33
132	104	33
133	201	34
134	202	34
135	203	34
136	204	34
137	301	35
138	302	35
139	303	35
140	304	35
141	401	36
142	402	36
143	403	36
144	404	36
145	101	37
146	102	37
147	103	37
148	104	37
149	201	38
150	202	38
151	203	38
152	204	38
153	301	39
154	302	39
155	303	39
156	304	39
157	401	40
158	402	40
159	403	40
160	404	40
161	101	41
162	102	41
163	103	41
164	104	41
165	201	42
166	202	42
167	203	42
168	204	42
169	301	43
170	302	43
171	303	43
172	304	43
173	401	44
174	402	44
175	403	44
176	404	44
177	101	45
178	102	45
179	103	45
180	104	45
181	201	46
182	202	46
183	203	46
184	204	46
185	301	47
186	302	47
187	303	47
188	304	47
189	401	48
190	402	48
191	403	48
192	404	48
193	101	49
194	102	49
195	103	49
196	104	49
197	201	50
198	202	50
199	203	50
200	204	50
201	301	51
202	302	51
203	303	51
204	304	51
205	401	52
206	402	52
207	403	52
208	404	52
209	101	53
210	102	53
211	103	53
212	104	53
213	201	54
214	202	54
215	203	54
216	204	54
217	301	55
218	302	55
219	303	55
220	304	55
221	401	56
222	402	56
223	403	56
224	404	56
225	101	57
226	102	57
227	103	57
228	104	57
229	201	58
230	202	58
231	203	58
232	204	58
233	301	59
234	302	59
235	303	59
236	304	59
237	401	60
238	402	60
239	403	60
240	404	60
241	101	61
242	102	61
243	103	61
244	104	61
245	201	62
246	202	62
247	203	62
248	204	62
249	301	63
250	302	63
251	303	63
252	304	63
253	401	64
254	402	64
255	403	64
256	404	64
257	101	65
258	102	65
259	103	65
260	104	65
261	201	66
262	202	66
263	203	66
264	204	66
265	301	67
266	302	67
267	303	67
268	304	67
269	401	68
270	402	68
271	403	68
272	404	68
273	101	69
274	102	69
275	103	69
276	104	69
277	201	70
278	202	70
279	203	70
280	204	70
281	301	71
282	302	71
283	303	71
284	304	71
285	401	72
286	402	72
287	403	72
288	404	72
289	101	73
290	102	73
291	103	73
292	104	73
293	201	74
294	202	74
295	203	74
296	204	74
297	301	75
298	302	75
299	303	75
300	304	75
301	401	76
302	402	76
303	403	76
304	404	76
305	101	77
306	102	77
307	103	77
308	104	77
309	201	78
310	202	78
311	203	78
312	204	78
313	301	79
314	302	79
315	303	79
316	304	79
317	401	80
318	402	80
319	403	80
320	404	80
321	101	81
322	102	81
323	103	81
324	104	81
325	201	82
326	202	82
327	203	82
328	204	82
329	301	83
330	302	83
331	303	83
332	304	83
333	401	84
334	402	84
335	403	84
336	404	84
337	101	85
338	102	85
339	103	85
340	104	85
341	201	86
342	202	86
343	203	86
344	204	86
345	301	87
346	302	87
347	303	87
348	304	87
349	401	88
350	402	88
351	403	88
352	404	88
353	101	89
354	102	89
355	103	89
356	104	89
357	201	90
358	202	90
359	203	90
360	204	90
361	301	91
362	302	91
363	303	91
364	304	91
365	401	92
366	402	92
367	403	92
368	404	92
369	101	93
370	102	93
371	103	93
372	104	93
373	201	94
374	202	94
375	203	94
376	204	94
377	301	95
378	302	95
379	303	95
380	304	95
381	401	96
382	402	96
383	403	96
384	404	96
385	101	97
386	102	97
387	103	97
388	104	97
389	201	98
390	202	98
391	203	98
392	204	98
393	301	99
394	302	99
395	303	99
396	304	99
397	401	100
398	402	100
399	403	100
400	404	100
401	101	101
402	102	101
403	103	101
404	104	101
405	201	102
406	202	102
407	203	102
408	204	102
409	301	103
410	302	103
411	303	103
412	304	103
413	401	104
414	402	104
415	403	104
416	404	104
417	101	105
418	102	105
419	103	105
420	104	105
421	201	106
422	202	106
423	203	106
424	204	106
425	301	107
426	302	107
427	303	107
428	304	107
429	401	108
430	402	108
431	403	108
432	404	108
433	101	109
434	102	109
435	103	109
436	104	109
437	201	110
438	202	110
439	203	110
440	204	110
441	301	111
442	302	111
443	303	111
444	304	111
445	401	112
446	402	112
447	403	112
448	404	112
449	101	113
450	102	113
451	103	113
452	104	113
453	201	114
454	202	114
455	203	114
456	204	114
457	301	115
458	302	115
459	303	115
460	304	115
461	401	116
462	402	116
463	403	116
464	404	116
465	101	117
466	102	117
467	103	117
468	104	117
469	201	118
470	202	118
471	203	118
472	204	118
473	301	119
474	302	119
475	303	119
476	304	119
477	401	120
478	402	120
479	403	120
480	404	120
481	101	121
482	102	121
483	103	121
484	104	121
485	201	122
486	202	122
487	203	122
488	204	122
489	301	123
490	302	123
491	303	123
492	304	123
493	401	124
494	402	124
495	403	124
496	404	124
497	101	125
498	102	125
499	103	125
500	104	125
501	201	126
502	202	126
503	203	126
504	204	126
505	301	127
506	302	127
507	303	127
508	304	127
509	401	128
510	402	128
511	403	128
512	404	128
513	101	129
514	102	129
515	103	129
516	104	129
517	201	130
518	202	130
519	203	130
520	204	130
521	301	131
522	302	131
523	303	131
524	304	131
525	401	132
526	402	132
527	403	132
528	404	132
529	101	133
530	102	133
531	103	133
532	104	133
533	201	134
534	202	134
535	203	134
536	204	134
537	301	135
538	302	135
539	303	135
540	304	135
541	401	136
542	402	136
543	403	136
544	404	136
545	101	137
546	102	137
547	103	137
548	104	137
549	201	138
550	202	138
551	203	138
552	204	138
553	301	139
554	302	139
555	303	139
556	304	139
557	401	140
558	402	140
559	403	140
560	404	140
561	101	141
562	102	141
563	103	141
564	104	141
565	201	142
566	202	142
567	203	142
568	204	142
569	301	143
570	302	143
571	303	143
572	304	143
573	401	144
574	402	144
575	403	144
576	404	144
577	101	145
578	102	145
579	103	145
580	104	145
581	201	146
582	202	146
583	203	146
584	204	146
585	301	147
586	302	147
587	303	147
588	304	147
589	401	148
590	402	148
591	403	148
592	404	148
593	101	149
594	102	149
595	103	149
596	104	149
597	201	150
598	202	150
599	203	150
600	204	150
601	301	151
602	302	151
603	303	151
604	304	151
605	401	152
606	402	152
607	403	152
608	404	152
609	101	153
610	102	153
611	103	153
612	104	153
613	201	154
614	202	154
615	203	154
616	204	154
617	301	155
618	302	155
619	303	155
620	304	155
621	401	156
622	402	156
623	403	156
624	404	156
625	101	157
626	102	157
627	103	157
628	104	157
629	201	158
630	202	158
631	203	158
632	204	158
633	301	159
634	302	159
635	303	159
636	304	159
637	401	160
638	402	160
639	403	160
640	404	160
641	101	161
642	102	161
643	103	161
644	104	161
645	201	162
646	202	162
647	203	162
648	204	162
649	301	163
650	302	163
651	303	163
652	304	163
653	401	164
654	402	164
655	403	164
656	404	164
657	101	165
658	102	165
659	103	165
660	104	165
661	201	166
662	202	166
663	203	166
664	204	166
665	301	167
666	302	167
667	303	167
668	304	167
669	401	168
670	402	168
671	403	168
672	404	168
673	101	169
674	102	169
675	103	169
676	104	169
677	201	170
678	202	170
679	203	170
680	204	170
681	301	171
682	302	171
683	303	171
684	304	171
685	401	172
686	402	172
687	403	172
688	404	172
689	101	173
690	102	173
691	103	173
692	104	173
693	201	174
694	202	174
695	203	174
696	204	174
697	301	175
698	302	175
699	303	175
700	304	175
701	401	176
702	402	176
703	403	176
704	404	176
705	101	177
706	102	177
707	103	177
708	104	177
709	201	178
710	202	178
711	203	178
712	204	178
713	301	179
714	302	179
715	303	179
716	304	179
717	401	180
718	402	180
719	403	180
720	404	180
721	101	181
722	102	181
723	103	181
724	104	181
725	201	182
726	202	182
727	203	182
728	204	182
729	301	183
730	302	183
731	303	183
732	304	183
733	401	184
734	402	184
735	403	184
736	404	184
737	101	185
738	102	185
739	103	185
740	104	185
741	201	186
742	202	186
743	203	186
744	204	186
745	301	187
746	302	187
747	303	187
748	304	187
749	401	188
750	402	188
751	403	188
752	404	188
753	101	189
754	102	189
755	103	189
756	104	189
757	201	190
758	202	190
759	203	190
760	204	190
761	301	191
762	302	191
763	303	191
764	304	191
765	401	192
766	402	192
767	403	192
768	404	192
769	101	193
770	102	193
771	103	193
772	104	193
773	201	194
774	202	194
775	203	194
776	204	194
777	301	195
778	302	195
779	303	195
780	304	195
781	401	196
782	402	196
783	403	196
784	404	196
785	101	197
786	102	197
787	103	197
788	104	197
789	201	198
790	202	198
791	203	198
792	204	198
793	301	199
794	302	199
795	303	199
796	304	199
797	401	200
798	402	200
799	403	200
800	404	200
801	101	201
802	102	201
803	103	201
804	104	201
805	201	202
806	202	202
807	203	202
808	204	202
809	301	203
810	302	203
811	303	203
812	304	203
813	401	204
814	402	204
815	403	204
816	404	204
817	101	205
818	102	205
819	103	205
820	104	205
821	201	206
822	202	206
823	203	206
824	204	206
825	301	207
826	302	207
827	303	207
828	304	207
829	401	208
830	402	208
831	403	208
832	404	208
833	101	209
834	102	209
835	103	209
836	104	209
837	201	210
838	202	210
839	203	210
840	204	210
841	301	211
842	302	211
843	303	211
844	304	211
845	401	212
846	402	212
847	403	212
848	404	212
849	101	213
850	102	213
851	103	213
852	104	213
853	201	214
854	202	214
855	203	214
856	204	214
857	301	215
858	302	215
859	303	215
860	304	215
861	401	216
862	402	216
863	403	216
864	404	216
865	101	217
866	102	217
867	103	217
868	104	217
869	201	218
870	202	218
871	203	218
872	204	218
873	301	219
874	302	219
875	303	219
876	304	219
877	401	220
878	402	220
879	403	220
880	404	220
881	101	221
882	102	221
883	103	221
884	104	221
885	201	222
886	202	222
887	203	222
888	204	222
889	301	223
890	302	223
891	303	223
892	304	223
893	401	224
894	402	224
895	403	224
896	404	224
897	101	225
898	102	225
899	103	225
900	104	225
901	201	226
902	202	226
903	203	226
904	204	226
905	301	227
906	302	227
907	303	227
908	304	227
909	401	228
910	402	228
911	403	228
912	404	228
913	101	229
914	102	229
915	103	229
916	104	229
917	201	230
918	202	230
919	203	230
920	204	230
921	301	231
922	302	231
923	303	231
924	304	231
925	401	232
926	402	232
927	403	232
928	404	232
929	101	233
930	102	233
931	103	233
932	104	233
933	201	234
934	202	234
935	203	234
936	204	234
937	301	235
938	302	235
939	303	235
940	304	235
941	401	236
942	402	236
943	403	236
944	404	236
945	101	237
946	102	237
947	103	237
948	104	237
949	201	238
950	202	238
951	203	238
952	204	238
953	301	239
954	302	239
955	303	239
956	304	239
957	401	240
958	402	240
959	403	240
960	404	240
961	101	241
962	102	241
963	103	241
964	104	241
965	201	242
966	202	242
967	203	242
968	204	242
969	301	243
970	302	243
971	303	243
972	304	243
973	401	244
974	402	244
975	403	244
976	404	244
977	101	245
978	102	245
979	103	245
980	104	245
981	201	246
982	202	246
983	203	246
984	204	246
985	301	247
986	302	247
987	303	247
988	304	247
989	401	248
990	402	248
991	403	248
992	404	248
993	101	249
994	102	249
995	103	249
996	104	249
997	201	250
998	202	250
999	203	250
1000	204	250
1001	301	251
1002	302	251
1003	303	251
1004	304	251
1005	401	252
1006	402	252
1007	403	252
1008	404	252
1009	101	253
1010	102	253
1011	103	253
1012	104	253
1013	201	254
1014	202	254
1015	203	254
1016	204	254
1017	301	255
1018	302	255
1019	303	255
1020	304	255
1021	401	256
1022	402	256
1023	403	256
1024	404	256
1025	101	257
1026	102	257
1027	103	257
1028	104	257
1029	201	258
1030	202	258
1031	203	258
1032	204	258
1033	301	259
1034	302	259
1035	303	259
1036	304	259
1037	401	260
1038	402	260
1039	403	260
1040	404	260
1041	101	261
1042	102	261
1043	103	261
1044	104	261
1045	201	262
1046	202	262
1047	203	262
1048	204	262
1049	301	263
1050	302	263
1051	303	263
1052	304	263
1053	401	264
1054	402	264
1055	403	264
1056	404	264
1057	101	265
1058	102	265
1059	103	265
1060	104	265
1061	201	266
1062	202	266
1063	203	266
1064	204	266
1065	301	267
1066	302	267
1067	303	267
1068	304	267
1069	401	268
1070	402	268
1071	403	268
1072	404	268
1073	101	269
1074	102	269
1075	103	269
1076	104	269
1077	201	270
1078	202	270
1079	203	270
1080	204	270
1081	301	271
1082	302	271
1083	303	271
1084	304	271
1085	401	272
1086	402	272
1087	403	272
1088	404	272
1089	101	273
1090	102	273
1091	103	273
1092	104	273
1093	201	274
1094	202	274
1095	203	274
1096	204	274
1097	301	275
1098	302	275
1099	303	275
1100	304	275
1101	401	276
1102	402	276
1103	403	276
1104	404	276
1105	101	277
1106	102	277
1107	103	277
1108	104	277
1109	201	278
1110	202	278
1111	203	278
1112	204	278
1113	301	279
1114	302	279
1115	303	279
1116	304	279
1117	401	280
1118	402	280
1119	403	280
1120	404	280
1121	101	281
1122	102	281
1123	103	281
1124	104	281
1125	201	282
1126	202	282
1127	203	282
1128	204	282
1129	301	283
1130	302	283
1131	303	283
1132	304	283
1133	401	284
1134	402	284
1135	403	284
1136	404	284
1137	101	285
1138	102	285
1139	103	285
1140	104	285
1141	201	286
1142	202	286
1143	203	286
1144	204	286
1145	301	287
1146	302	287
1147	303	287
1148	304	287
1149	401	288
1150	402	288
1151	403	288
1152	404	288
1153	101	289
1154	102	289
1155	103	289
1156	104	289
1157	201	290
1158	202	290
1159	203	290
1160	204	290
1161	301	291
1162	302	291
1163	303	291
1164	304	291
1165	401	292
1166	402	292
1167	403	292
1168	404	292
1169	101	293
1170	102	293
1171	103	293
1172	104	293
1173	201	294
1174	202	294
1175	203	294
1176	204	294
1177	301	295
1178	302	295
1179	303	295
1180	304	295
1181	401	296
1182	402	296
1183	403	296
1184	404	296
1185	101	297
1186	102	297
1187	103	297
1188	104	297
1189	201	298
1190	202	298
1191	203	298
1192	204	298
1193	301	299
1194	302	299
1195	303	299
1196	304	299
1197	401	300
1198	402	300
1199	403	300
1200	404	300
1201	101	301
1202	102	301
1203	103	301
1204	104	301
1205	201	302
1206	202	302
1207	203	302
1208	204	302
1209	301	303
1210	302	303
1211	303	303
1212	304	303
1213	401	304
1214	402	304
1215	403	304
1216	404	304
1217	101	305
1218	102	305
1219	103	305
1220	104	305
1221	201	306
1222	202	306
1223	203	306
1224	204	306
1225	301	307
1226	302	307
1227	303	307
1228	304	307
1229	401	308
1230	402	308
1231	403	308
1232	404	308
1233	101	309
1234	102	309
1235	103	309
1236	104	309
1237	201	310
1238	202	310
1239	203	310
1240	204	310
1241	301	311
1242	302	311
1243	303	311
1244	304	311
1245	401	312
1246	402	312
1247	403	312
1248	404	312
1249	101	313
1250	102	313
1251	103	313
1252	104	313
1253	201	314
1254	202	314
1255	203	314
1256	204	314
1257	301	315
1258	302	315
1259	303	315
1260	304	315
1261	401	316
1262	402	316
1263	403	316
1264	404	316
1265	101	317
1266	102	317
1267	103	317
1268	104	317
1269	201	318
1270	202	318
1271	203	318
1272	204	318
1273	301	319
1274	302	319
1275	303	319
1276	304	319
1277	401	320
1278	402	320
1279	403	320
1280	404	320
1281	101	321
1282	102	321
1283	103	321
1284	104	321
1285	201	322
1286	202	322
1287	203	322
1288	204	322
1289	301	323
1290	302	323
1291	303	323
1292	304	323
1293	401	324
1294	402	324
1295	403	324
1296	404	324
1297	101	325
1298	102	325
1299	103	325
1300	104	325
1301	201	326
1302	202	326
1303	203	326
1304	204	326
1305	301	327
1306	302	327
1307	303	327
1308	304	327
1309	401	328
1310	402	328
1311	403	328
1312	404	328
1313	101	329
1314	102	329
1315	103	329
1316	104	329
1317	201	330
1318	202	330
1319	203	330
1320	204	330
1321	301	331
1322	302	331
1323	303	331
1324	304	331
1325	401	332
1326	402	332
1327	403	332
1328	404	332
1329	101	333
1330	102	333
1331	103	333
1332	104	333
1333	201	334
1334	202	334
1335	203	334
1336	204	334
1337	301	335
1338	302	335
1339	303	335
1340	304	335
1341	401	336
1342	402	336
1343	403	336
1344	404	336
1345	101	337
1346	102	337
1347	103	337
1348	104	337
1349	201	338
1350	202	338
1351	203	338
1352	204	338
1353	301	339
1354	302	339
1355	303	339
1356	304	339
1357	401	340
1358	402	340
1359	403	340
1360	404	340
1361	101	341
1362	102	341
1363	103	341
1364	104	341
1365	201	342
1366	202	342
1367	203	342
1368	204	342
1369	301	343
1370	302	343
1371	303	343
1372	304	343
1373	401	344
1374	402	344
1375	403	344
1376	404	344
1377	101	345
1378	102	345
1379	103	345
1380	104	345
1381	201	346
1382	202	346
1383	203	346
1384	204	346
1385	301	347
1386	302	347
1387	303	347
1388	304	347
1389	401	348
1390	402	348
1391	403	348
1392	404	348
1393	101	349
1394	102	349
1395	103	349
1396	104	349
1397	201	350
1398	202	350
1399	203	350
1400	204	350
1401	301	351
1402	302	351
1403	303	351
1404	304	351
1405	401	352
1406	402	352
1407	403	352
1408	404	352
1409	101	353
1410	102	353
1411	103	353
1412	104	353
1413	201	354
1414	202	354
1415	203	354
1416	204	354
1417	301	355
1418	302	355
1419	303	355
1420	304	355
1421	401	356
1422	402	356
1423	403	356
1424	404	356
1425	101	357
1426	102	357
1427	103	357
1428	104	357
1429	201	358
1430	202	358
1431	203	358
1432	204	358
1433	301	359
1434	302	359
1435	303	359
1436	304	359
1437	401	360
1438	402	360
1439	403	360
1440	404	360
\.


--
-- Data for Name: blocos; Type: TABLE DATA; Schema: public; Owner: postgres
--

COPY public.blocos (id, nome, modulo_id) FROM stdin;
1	01	6
2	02	6
3	03	6
4	04	6
5	05	6
6	06	6
7	07	1
8	08	1
9	09	1
10	10	1
11	11	6
12	12	6
13	13	6
14	14	1
15	15	1
16	16	1
17	17	1
18	18	1
19	19	6
20	20	6
21	21	6
22	22	1
23	23	1
24	24	1
25	25	1
26	26	1
27	27	6
28	28	6
29	29	6
30	30	1
31	31	1
32	32	1
33	33	1
34	34	1
35	35	5
36	36	5
37	37	5
38	38	5
39	39	5
40	40	5
41	41	5
42	42	1
43	43	1
44	44	1
45	45	1
46	46	5
47	47	5
48	48	5
49	49	5
50	50	5
51	51	5
52	52	2
53	53	2
54	54	2
55	55	2
56	56	2
57	57	2
58	58	4
59	59	4
60	60	4
61	61	4
62	62	4
63	63	4
64	64	2
65	65	2
66	66	2
67	67	2
68	68	2
69	69	4
70	70	4
71	71	4
72	72	4
73	73	4
74	74	4
75	75	5
76	76	5
77	77	4
78	78	4
79	79	3
80	80	3
81	81	3
82	82	3
83	83	3
84	84	3
85	85	3
86	86	3
87	87	3
88	88	3
89	89	3
90	90	3
\.


--
-- Data for Name: locais; Type: TABLE DATA; Schema: public; Owner: postgres
--

COPY public.locais (id, tipo_local, nome_display, obra_id) FROM stdin;
21	APARTAMENTO	ML2 - Módulo 04 - Bloco 70 - Pavimento 02 - Apto 201	2
22	APARTAMENTO	ML2 - Módulo 04 - Bloco 70 - Pavimento 02 - Apto 202	2
23	APARTAMENTO	ML2 - Módulo 04 - Bloco 70 - Pavimento 02 - Apto 203	2
24	APARTAMENTO	ML2 - Módulo 04 - Bloco 70 - Pavimento 02 - Apto 204	2
17	APARTAMENTO	ML2 - Módulo 04 - Bloco 70 - Pavimento 01 - Apto 101	2
18	APARTAMENTO	ML2 - Módulo 04 - Bloco 70 - Pavimento 01 - Apto 102	2
19	APARTAMENTO	ML2 - Módulo 04 - Bloco 70 - Pavimento 01 - Apto 103	2
20	APARTAMENTO	ML2 - Módulo 04 - Bloco 70 - Pavimento 01 - Apto 104	2
25	APARTAMENTO	ML2 / M04 / B70 / Apt 301	2
26	APARTAMENTO	ML2 / M04 / B70 / Apt 302	2
27	APARTAMENTO	ML2 / M04 / B70 / Apt 303	2
28	APARTAMENTO	ML2 / M04 / B70 / Apt 304	2
29	APARTAMENTO	ML2 / M04 / B70 / Apt 401	2
30	APARTAMENTO	ML2 / M04 / B70 / Apt 402	2
31	APARTAMENTO	ML2 / M04 / B70 / Apt 403	2
32	APARTAMENTO	ML2 / M04 / B70 / Apt 404	2
\.


--
-- Data for Name: local_ambiente_interno_apartamento; Type: TABLE DATA; Schema: public; Owner: postgres
--

COPY public.local_ambiente_interno_apartamento (local_id, apartamento_id, nome_ambiente) FROM stdin;
17	1105	Apartamento Completo
18	1106	Apartamento Completo
19	1107	Apartamento Completo
20	1108	Apartamento Completo
\.


--
-- Data for Name: local_apartamento; Type: TABLE DATA; Schema: public; Owner: postgres
--

COPY public.local_apartamento (local_id, apartamento_id) FROM stdin;
25	1113
26	1114
27	1115
28	1116
29	1117
30	1118
31	1119
32	1120
\.


--
-- Data for Name: local_area_comum_externa_bloco; Type: TABLE DATA; Schema: public; Owner: postgres
--

COPY public.local_area_comum_externa_bloco (local_id, bloco_id, nome_area) FROM stdin;
\.


--
-- Data for Name: local_area_comum_fachada_bloco; Type: TABLE DATA; Schema: public; Owner: postgres
--

COPY public.local_area_comum_fachada_bloco (local_id, bloco_id, pano_vertical, pavimento_referencia) FROM stdin;
\.


--
-- Data for Name: local_area_comum_interna_bloco; Type: TABLE DATA; Schema: public; Owner: postgres
--

COPY public.local_area_comum_interna_bloco (local_id, bloco_id, nome_area) FROM stdin;
\.


--
-- Data for Name: local_area_comum_modulo; Type: TABLE DATA; Schema: public; Owner: postgres
--

COPY public.local_area_comum_modulo (local_id, modulo_id, nome_area) FROM stdin;
\.


--
-- Data for Name: local_rua; Type: TABLE DATA; Schema: public; Owner: postgres
--

COPY public.local_rua (local_id, nome_rua) FROM stdin;
\.


--
-- Data for Name: modulos; Type: TABLE DATA; Schema: public; Owner: postgres
--

COPY public.modulos (id, nome, obra_id) FROM stdin;
1	01	2
2	02	2
3	03	2
4	04	2
5	05	2
6	06	2
\.


--
-- Data for Name: obras; Type: TABLE DATA; Schema: public; Owner: postgres
--

COPY public.obras (obra_id, nome) FROM stdin;
1	ML1
2	ML2
\.


--
-- Data for Name: pavimentos; Type: TABLE DATA; Schema: public; Owner: postgres
--

COPY public.pavimentos (id, nome, bloco_id) FROM stdin;
1	01	1
2	02	1
3	03	1
4	04	1
5	01	2
6	02	2
7	03	2
8	04	2
9	01	3
10	02	3
11	03	3
12	04	3
13	01	4
14	02	4
15	03	4
16	04	4
17	01	5
18	02	5
19	03	5
20	04	5
21	01	6
22	02	6
23	03	6
24	04	6
25	01	7
26	02	7
27	03	7
28	04	7
29	01	8
30	02	8
31	03	8
32	04	8
33	01	9
34	02	9
35	03	9
36	04	9
37	01	10
38	02	10
39	03	10
40	04	10
41	01	11
42	02	11
43	03	11
44	04	11
45	01	12
46	02	12
47	03	12
48	04	12
49	01	13
50	02	13
51	03	13
52	04	13
53	01	14
54	02	14
55	03	14
56	04	14
57	01	15
58	02	15
59	03	15
60	04	15
61	01	16
62	02	16
63	03	16
64	04	16
65	01	17
66	02	17
67	03	17
68	04	17
69	01	18
70	02	18
71	03	18
72	04	18
73	01	19
74	02	19
75	03	19
76	04	19
77	01	20
78	02	20
79	03	20
80	04	20
81	01	21
82	02	21
83	03	21
84	04	21
85	01	22
86	02	22
87	03	22
88	04	22
89	01	23
90	02	23
91	03	23
92	04	23
93	01	24
94	02	24
95	03	24
96	04	24
97	01	25
98	02	25
99	03	25
100	04	25
101	01	26
102	02	26
103	03	26
104	04	26
105	01	27
106	02	27
107	03	27
108	04	27
109	01	28
110	02	28
111	03	28
112	04	28
113	01	29
114	02	29
115	03	29
116	04	29
117	01	30
118	02	30
119	03	30
120	04	30
121	01	31
122	02	31
123	03	31
124	04	31
125	01	32
126	02	32
127	03	32
128	04	32
129	01	33
130	02	33
131	03	33
132	04	33
133	01	34
134	02	34
135	03	34
136	04	34
137	01	35
138	02	35
139	03	35
140	04	35
141	01	36
142	02	36
143	03	36
144	04	36
145	01	37
146	02	37
147	03	37
148	04	37
149	01	38
150	02	38
151	03	38
152	04	38
153	01	39
154	02	39
155	03	39
156	04	39
157	01	40
158	02	40
159	03	40
160	04	40
161	01	41
162	02	41
163	03	41
164	04	41
165	01	42
166	02	42
167	03	42
168	04	42
169	01	43
170	02	43
171	03	43
172	04	43
173	01	44
174	02	44
175	03	44
176	04	44
177	01	45
178	02	45
179	03	45
180	04	45
181	01	46
182	02	46
183	03	46
184	04	46
185	01	47
186	02	47
187	03	47
188	04	47
189	01	48
190	02	48
191	03	48
192	04	48
193	01	49
194	02	49
195	03	49
196	04	49
197	01	50
198	02	50
199	03	50
200	04	50
201	01	51
202	02	51
203	03	51
204	04	51
205	01	52
206	02	52
207	03	52
208	04	52
209	01	53
210	02	53
211	03	53
212	04	53
213	01	54
214	02	54
215	03	54
216	04	54
217	01	55
218	02	55
219	03	55
220	04	55
221	01	56
222	02	56
223	03	56
224	04	56
225	01	57
226	02	57
227	03	57
228	04	57
229	01	58
230	02	58
231	03	58
232	04	58
233	01	59
234	02	59
235	03	59
236	04	59
237	01	60
238	02	60
239	03	60
240	04	60
241	01	61
242	02	61
243	03	61
244	04	61
245	01	62
246	02	62
247	03	62
248	04	62
249	01	63
250	02	63
251	03	63
252	04	63
253	01	64
254	02	64
255	03	64
256	04	64
257	01	65
258	02	65
259	03	65
260	04	65
261	01	66
262	02	66
263	03	66
264	04	66
265	01	67
266	02	67
267	03	67
268	04	67
269	01	68
270	02	68
271	03	68
272	04	68
273	01	69
274	02	69
275	03	69
276	04	69
277	01	70
278	02	70
279	03	70
280	04	70
281	01	71
282	02	71
283	03	71
284	04	71
285	01	72
286	02	72
287	03	72
288	04	72
289	01	73
290	02	73
291	03	73
292	04	73
293	01	74
294	02	74
295	03	74
296	04	74
297	01	75
298	02	75
299	03	75
300	04	75
301	01	76
302	02	76
303	03	76
304	04	76
305	01	77
306	02	77
307	03	77
308	04	77
309	01	78
310	02	78
311	03	78
312	04	78
313	01	79
314	02	79
315	03	79
316	04	79
317	01	80
318	02	80
319	03	80
320	04	80
321	01	81
322	02	81
323	03	81
324	04	81
325	01	82
326	02	82
327	03	82
328	04	82
329	01	83
330	02	83
331	03	83
332	04	83
333	01	84
334	02	84
335	03	84
336	04	84
337	01	85
338	02	85
339	03	85
340	04	85
341	01	86
342	02	86
343	03	86
344	04	86
345	01	87
346	02	87
347	03	87
348	04	87
349	01	88
350	02	88
351	03	88
352	04	88
353	01	89
354	02	89
355	03	89
356	04	89
357	01	90
358	02	90
359	03	90
360	04	90
\.


--
-- Data for Name: precos_tarefa_local; Type: TABLE DATA; Schema: public; Owner: postgres
--

COPY public.precos_tarefa_local (id, tipos_tarefa_id, local_id, preco, unidade_medida, validade_inicio, validade_fim, created_at) FROM stdin;
\.


--
-- Data for Name: responsaveis; Type: TABLE DATA; Schema: public; Owner: postgres
--

COPY public.responsaveis (id, nome, matricula, funcao, data_admissao, situacao, salario_categoria, obra_id) FROM stdin;
61	ADEMIR ALVES FILHO	741	PINTOR	2025-04-14	Ativo	1821.64	2
62	ALBERI DANTAS DA SILVA	193	GESSEIRO	2022-05-02	Ativo	1821.64	2
63	ALCIDES JONATAS DE CASTRO SILVA	719	PINTOR	2025-03-19	Ativo	1821.64	2
64	ALEXSANDRO DOS SANTOS	385	AUXILIAR	2023-10-12	Ativo	1548.43	2
65	ALMIRANTES PEREIRA DE ALMEIDA	576	ENCANADOR	2024-07-15	Ativo	1821.64	2
66	ALVARO EDINARDO DA SILVA SANTOS	681	PINTOR	2025-01-14	Ativo	1821.64	2
67	ANA PAULA DANTAS DA SILVA	277	AUXILIAR	2023-03-20	Ativo	1548.43	2
68	ANCHERLEY CABRAL CALISTO	619	PINTOR	2023-10-09	Ativo	1821.64	2
69	ANDRE FRANCISCO DE SOUZA	634	GESSEIRO	2024-10-14	Ativo	1821.64	2
70	ANDSON CARLOS SILVA DE MELO	649	PEDREIRO	2023-10-09	Ativo	1821.64	2
71	ANTONIO CARLOS DA SILVA	610	AUXILIAR	2024-09-02	Ativo	1548.43	2
72	ANTONIO DANTAS DA SILVA	586	ELETRICISTA	2024-07-16	Ativo	1821.64	2
73	ANTONIO GILKSON SILVA DE MIRANDA	609	SERVENTE	2024-08-20	Ativo	1548.43	2
74	ANTONIO JUSTINO DA SILVA	370	AUXILIAR	2023-09-11	Ativo	1548.43	2
75	ANTONIO MARCOS FERREIRA DA SILVA	618	PINTOR	2023-10-09	Ativo	1821.64	2
76	ANTONIO PEREIRA DE LIMA	573	PEDREIRO	2024-07-04	Ativo	1821.64	2
77	ARTUR INACIO LUIZ DA COSTA	735	PINTOR	2025-04-08	Ativo	1821.64	2
78	AUGUSTINHO COSME CAMPELO	548	AUXILIAR	2024-06-03	Ativo	1548.43	2
79	BAZZANE DA SILVA GUIMARAES	718	AUX ELETRICISTA	2025-03-10	Ativo	1548.43	2
80	BEATRIZ DA ROCHA ALMEIDA	708	AUXILIAR	2025-03-06	Ativo	1548.43	2
81	BRUNO DA SILVA LIMA	551	AUXILIAR	2024-06-04	Ativo	1548.43	2
82	CARLOS ALEXANDRE JANUARIO DA SILVA	700	GESSEIRO	2023-01-02	Ativo	1821.64	2
83	CARLOS JOSE PEREIRA DA COSTA	508	AUXILIAR	2023-10-10	Ativo	1548.43	2
84	CARLOS VAGNER RODRIGUES	635	GESSEIRO	2024-10-14	Ativo	1821.64	2
85	CICERO JUNIOR DA SILVA	594	AUXILIAR	2024-08-01	Ativo	1548.43	2
86	CICERO MARTINS DA SILVA	543	PEDREIRO	2024-06-03	Ativo	1821.64	2
87	CLEBISON BRUNO ROCHA DOS SANTOS	538	SERVENTE	2024-05-20	Ativo	1548.43	2
88	CLEBSON LEANDRO DA SILVA BEZERRA	720	PINTOR	2025-03-19	Ativo	1821.64	2
89	CLEITON FELIPE TEIXEIRA	637	AUXILIAR	2024-10-16	Ativo	1548.43	2
90	CREGINALDO LOURENCO	571	AUXILIAR	2024-07-03	Ativo	1548.43	2
91	DAVID LUCAS CUNHA DE LIMA	639	AUXILIAR	2024-10-16	Ativo	1548.43	2
92	DAVIO BELARMINO TORRES	561	AUXILIAR	2024-07-01	Ativo	1548.43	2
93	DENNISON CARLOS BATISTA	579	AUXILIAR	2024-01-22	Ativo	1548.43	2
94	DERALDO JOSE IZIDIO DA SILVA	407	PEDREIRO	2022-04-18	Ativo	1821.64	2
95	DIEGO DAMIAO DE SOUSA	506	OP MAQUINAS	2024-03-12	Ativo	1821.64	2
96	EDIMILSON LUIS DO NASCIMENTO	449	AUXILIAR	2022-07-11	Ativo	1548.43	2
97	EDMILSON FERREIRA DA SILVA	541	AUXILIAR	2024-05-22	Ativo	1548.43	2
98	EDMUNDO ANDRE DE ALMEIDA	445	AUXILIAR	2024-01-03	Ativo	1548.43	2
99	EDUARDO DE LIMA	709	PINTOR	2025-03-06	Ativo	1821.64	2
100	EDVALDO DO NASCIMENTO	680	PINTOR	2025-01-14	Ativo	1821.64	2
101	EDVALDO XAVIER MIRANDA CAMILO	683	PINTOR	2025-01-20	Ativo	1821.64	2
102	EDVAN DA COSTA CATARINO	731	GESSEIRO	2023-05-18	Ativo	1821.64	2
103	ELIANE ROSENDO INACIO DA SILVA	244	ASG	2022-11-24	Ativo	1548.43	2
104	ELIAS LEANDRO DE LIMA	163	PEDREIRO	2021-12-01	Ativo	1821.64	2
105	ELIATAN DA ROCHA GONCALVES	705	PINTOR	2025-02-17	Ativo	1821.64	2
106	ELIDIANE MARCIA DE SOUZA	699	ASG	2024-06-03	Ativo	1548.43	2
107	ELIXANDRE FERREIRA DA SILVA	677	CARPINTEIRO	2023-09-25	Ativo	1821.64	2
108	ELIZABETH FLORENCIO DA SILVA	733	ASG	2025-04-04	Ativo	1548.43	2
109	ELIZEU MESSIAS MOURA DA SILVA	505	SERVENTE	2024-03-07	Ativo	1548.43	2
110	ELTON CESAR CATARINO DA SILVA	622	GESSEIRO	2024-04-11	Ativo	1821.64	2
111	EMERSON FELIPE SILVA DE SANTANA	715	AUX ENCANADOR	2025-03-06	Ativo	1548.43	2
112	EMERSON RYLK DO NASCIMENTO SILVA	583	AUX ELETRICISTA	2024-07-15	Ativo	1548.43	2
113	ERIBERTO DO NASCIMENTO SILVA	203	AUXILIAR	2022-06-01	Ativo	1548.43	2
114	ERIMAR BEZERRA DOS SANTOS	378	SERVENTE	2021-02-01	Ativo	1821.64	2
115	ERIVALDO BEZERRA DOS SANTOS	409	AUXILIAR	2023-03-08	Ativo	1548.43	2
116	ERIVALDO NASCIMENTO DOS ANJOS	730	OP MAQUINAS	2024-01-11	Ativo	2770.3	2
117	ERONIDES MARCELINO DE MELO	408	PEDREIRO	2022-04-18	Ativo	1821.64	2
118	FABIANO SOUZA DO NASCIMENTO	519	AUXILIAR	2024-04-01	Ativo	1548.43	2
119	FABIO GOMES DA COSTA	648	GESSEIRO	2024-11-06	Ativo	1821.64	2
120	FABRICIO DA SILVA DAMASCENO	544	SOLDADOR	2024-06-03	Ativo	1821.64	2
121	FELIPE FERNANDES ROCHA DA SILVA	572	AUXILIAR	2024-07-03	Ativo	1518	2
122	FLAVIO BRUNO DO NASCIMENTO SENA	726	PINTOR	2025-03-19	Ativo	1821.64	2
123	FRANCILUZIO RIBEIRO DE SOUZA	444	PEDREIRO	2022-08-15	Ativo	1821.64	2
124	FRANCIMAURO TEIXEIRA DE SOUZA	611	AUXILIAR	2024-09-02	Ativo	1548.43	2
125	FRANCISCO BRUNO LINDOLFO	633	GESSEIRO	2024-10-08	Ativo	1821.64	2
126	FRANCISCO SALES DO NASCIMENTO	698	PINTOR	2024-04-18	Ativo	1821.64	2
127	FRANCISCO FERREIRA DE ARAUJO	727	GESSEIRO	2023-02-09	Ativo	1821.64	2
128	FRANCISCO GOMES DA SILVA	640	PEDREIRO	2024-10-21	Ativo	1821.64	2
129	FRANCISCO LOPES DA SILVA NETO	288	SERVENTE	2022-05-23	Ativo	1548.43	2
130	FRANCISCO MARTINS DE LIMA	525	PEDREIRO	2024-04-10	Ativo	1821.64	2
131	FRANCISCO RAIMUNDO DE LIMA	498	ARMADOR	2024-03-04	Ativo	1821.64	2
132	GEILSON NASCIMENTO DE OLIVEIRA	504	SERVENTE	2024-03-06	Ativo	1548.43	2
133	GENILSON JORGE NUNES	690	PEDREIRO	2025-01-23	Ativo	1821.64	2
134	GENIVALDO DE CARVALHO	535	MONTADOR	2023-10-03	Ativo	1821.64	2
135	GILIANE DO NASCIMENTO BARROS	710	ASG	2025-03-06	Ativo	1548.43	2
136	GILMAR GOMES DA SILVA	580	PEDREIRO	2024-06-26	Ativo	1821.64	2
137	GILSON DOS SANTOS CASSIMIRO	608	SERVENTE	2024-08-20	Ativo	1548.43	2
138	GIVANILSON DE SOUZA LIMA	603	MONTADOR	2024-08-14	Ativo	1821.64	2
139	GRACO KENNED DO NASCIMENTO	554	SERVENTE	2024-06-06	Ativo	1548.43	2
140	HARLENSON FONSECA DE AZEVEDO	641	PEDREIRO	2024-10-21	Ativo	1821.64	2
141	HELTON ROCHA MARANHAO	734	AUXILIAR	2025-04-04	Ativo	1548.43	2
142	IGOR BRILHANTE DO NASCIMENTO	552	AUXILIAR	2024-06-05	Ativo	1548.43	2
143	IVAN BARBOSA DA SILVA	724	AUXILIAR	2025-03-19	Ativo	1548.43	2
144	IVANILDO FELIX DE LIMA	721	PEDREIRO	2025-03-19	Ativo	1821.64	2
145	IVANILDO ROCHA DOS SANTOS	650	PINTOR	2023-10-23	Ativo	1821.64	2
146	JADNEY GUILHERME FERNANDES DA CUNHA	732	GESSEIRO	2023-06-19	Ativo	1821.64	2
147	JAILSON COSME FORTUNATO DE LIMA	612	AUX ELETRICISTA	2024-09-02	Ativo	1548.43	2
148	JAILSON SILVA MONTEIRO	621	MONTADOR	2023-09-04	Ativo	1821.64	2
149	JAIR LIMA DE OLIVEIRA	149	SERVENTE	2021-08-04	Ativo	1548.43	2
150	JAIRO FRANCISCO DO NASCIMENTO	568	SERVENTE	2024-07-02	Ativo	1548.43	2
151	JANILTON DOS SANTOS	526	AUXILIAR	2024-04-11	Ativo	1548.43	2
152	JEFFERSON DANTAS PIRES	687	PEDREIRO	2025-01-22	Ativo	1821.64	2
153	JEFFERSON MAXIMO DOS SANTOS	419	OP MAQUINAS	2023-11-06	Ativo	1821.64	2
154	JEFFERSON MIGUEL DA SILVA	578	ENCANADOR	2024-07-15	Ativo	1821.64	2
155	JILDERLAN NEVES DE OLIVEIRA	711	AUX ENCANADOR	2025-03-06	Ativo	1548.43	2
156	JOAO BATISTA PALHARES	545	ENCANADOR	2024-06-03	Ativo	1821.64	2
157	JOAO FELIX COSTA GOMES	728	GESSEIRO	2024-04-18	Ativo	1821.64	2
158	JOAO MARIA DA SILVA	555	AUXILIAR	2024-06-06	Ativo	1548.43	2
159	JOAO MARIA FIRMINO DA SILVA	713	AUXILIAR	2025-03-06	Ativo	1548.43	2
160	JOAO MARIA LOPES SATHOUR	593	PEDREIRO	2024-08-01	Ativo	1821.64	2
161	JOAO MIGUEL DA SILVA JUNIOR	588	AUXILIAR	2024-07-17	Ativo	1548.43	2
162	JOAO PEDRO BEZERRA RAMOS	613	AUXILIAR	2024-09-02	Ativo	1548.43	2
163	JOAO VITOR CAMARA MARTINS	447	AUXILIAR	2024-01-03	Ativo	1548.43	2
164	JOAO VITOR GONCALVES DA SILVA	638	AUXILIAR	2024-10-16	Ativo	1548.43	2
165	JONAS SOARES DA SILVA	442	AUXILIAR	2022-01-03	Ativo	1548.43	2
166	JOSE ANTONIO SILVA LIMA	345	AUXILIAR	2022-03-09	Ativo	1548.43	2
167	JOSE ANTONIO SOARES	591	AUXILIAR	2023-10-23	Ativo	1548.43	2
168	JOSE CARLOS DOS SANTOS SILVA	729	AUXILIAR	2022-08-01	Ativo	1548.43	2
169	JOSE CARLOS JANUARIO DA SILVA	701	GESSEIRO	2023-01-02	Ativo	1821.64	2
170	JOSE EDGAR WDSON BEZERRA CONFESSOR	716	AUX ENCANADOR	2025-03-06	Ativo	1548.43	2
171	JOSE EVANILDO PIRES	528	PEDREIRO	2024-04-18	Ativo	1821.64	2
172	JOSE FRANCISCO SEVERIANO DA CUNHA	602	AUXILIAR	2024-08-13	Ativo	1548.43	2
173	JOSE JARISON FREIRE DOS SANTOS	628	PEDREIRO	2024-09-17	Ativo	1821.64	2
174	JOSE LUCIANO FREIRE DOS SANTOS	636	PEDREIRO	2024-10-14	Ativo	1821.64	2
175	JOSE MARIA DA SILVA	702	GESSEIRO	2023-01-03	Ativo	1821.64	2
176	JOSE MOACIR CLEMENTINO DA SILVA	631	PEDREIRO	2024-10-01	Ativo	1821.64	2
177	JOSE ROBERTO DE SOUZA	703	GESSEIRO	2023-01-03	Ativo	1821.64	2
178	JOSE ROBERTO FELICIANO	704	PEDREIRO	2022-08-08	Ativo	1821.64	2
179	JOSE SAMUEL DA SILVA	644	AUXILIAR	2024-11-04	Ativo	1548.43	2
180	JOSE WILSON DA CONCEICAO	696	PEDREIRO	2025-02-03	Ativo	1821.64	2
181	JOSIAS DANTAS DA SILVA	459	OP EMPILHADEIRA	2024-01-15	Ativo	2770.3	2
182	JOSINALVA MELO DOS SANTOS	736	ASG	2025-04-08	Ativo	1548.43	2
183	JOSIVAN INACIO DE BARROS	310	OP. MANIP. TEL.	2023-03-10	Ativo	3368.82	2
184	JULIANO HENRIQUE CAMPELO	569	AUXILIAR	2024-07-03	Ativo	1548.43	2
185	JULIO CESAR SIQUEIRA DOS SANTOS	566	OP. MAQUINAS	2024-07-02	Ativo	2770.3	2
186	KLEBER SILVA DOS SANTOS	556	PEDREIRO	2024-06-06	Ativo	1821.64	2
187	LENILSON FLORENCIO DA SILVA	546	AUXILIAR	2024-06-03	Ativo	1548.43	2
188	LUCIANO FRANCISCO DE SOUZA JUNIOR	540	SERVENTE	2024-05-20	Ativo	1548.43	2
189	LUCILENE FERREIRA DANTAS	714	ASG	2025-03-06	Ativo	1548.43	2
190	LUIZ ANTONIO VINDOURO DA SILVA	615	GESSEIRO	2024-09-04	Ativo	1821.64	2
191	LUIZ CLAUDIO DA SILVA	693	PINTOR	2025-01-27	Ativo	1821.64	2
192	LUIZ MARCOS DOS SANTOS	739	PINTOR	2025-04-14	Ativo	1821.64	2
193	MANOEL MESSIAS PEREIRA	678	AUXILIAR	2023-03-08	Ativo	1548.43	2
194	MANOEL PEREIRA DANTAS	499	AUXILIAR	2024-03-04	Ativo	1548.43	2
195	MARCELO FRANCISCO DA SILVA	563	AUXILIAR	2024-07-01	Ativo	1548.43	2
196	MARCELO FRANCISCO DOS SANTOS	706	PEDREIRO	2025-02-17	Ativo	1821.64	2
197	MARCELO FREITAS DE MACEDO	694	PINTOR	2025-01-27	Ativo	1548.43	2
198	MARCIEL LOPES DA SILVA	647	PINTOR	2024-11-04	Ativo	1821.64	2
199	MARCIO BENTO DA SILVA	737	AUXILIAR	2025-04-08	Ativo	1548.43	2
200	MARCONE MARCOS BEZERRA	424	AUXILIAR	2023-11-06	Ativo	1548.43	2
201	MARIA NITALMA DUARTE	725	ASG	2025-03-19	Ativo	1548.43	2
202	MARLON BALBINO DE LIMA	567	SERVENTE	2024-07-02	Ativo	1548.43	2
203	MOISES LINHARES DA SILVA JUNIOR	686	AUXILIAR	2025-01-22	Ativo	1548.43	2
204	OLAVO GOMES TEIXEIRA	581	ELETRICISTA	2024-07-10	Ativo	1821.64	2
205	ORLANDO GOMES TEIXEIRA	592	PEDREIRO	2024-07-19	Ativo	1821.64	2
206	OTACILIO DA SILVA SANTOS	738	PINTOR	2025-04-08	Ativo	1821.64	2
207	PAULO MAXIMO DA SILVA	478	AUXILIAR	2024-02-01	Ativo	1548.43	2
208	PAULO VICENTE DA SILVA	564	PEDREIRO	2024-07-01	Ativo	1821.64	2
209	PEDRO HENRIQUE DE SOUZA VIANA	232	OP BETONEIRA	2022-08-22	Ativo	1821.64	2
210	PRISCILA DA SILVA NUNES	513	ASG	2024-03-20	Ativo	1548.43	2
211	RAIONARA RANGEL DO NASCIMENTO	599	ASG	2024-08-08	Ativo	1548.43	2
212	RANILDA PAULO DA SILVA	717	ASG	2025-03-06	Ativo	1548.43	2
213	RAWELLYSON ALVES DA SILVA	388	AUXILIAR	2023-10-17	Ativo	1548.43	2
214	RICARDO JUSTINO DA SILVA	311	AUXILIAR	2022-09-12	Ativo	1548.43	2
215	RICARDO PAULINO PEREIRA NETO	511	ENC.OPERACIONAL	2024-03-15	Ativo	2026.51	2
216	ROBERIO ANTONIO DE LIMA	679	AUXILIAR	2022-03-09	Ativo	1548.43	2
217	RODRIGO BRITO DOS SANTOS	558	PEDREIRO	2024-06-06	Ativo	1821.64	2
218	RODRIGO SANTOS DE ANDRADE	550	AUXILIAR	2024-06-03	Ativo	1548.43	2
219	RONALD JUNIOR NASCIMENTO LIMA	624	AUXILIAR	2024-09-05	Ativo	1548.43	2
220	ROSEILTON DO NASCIMENTO SANTANA	570	AUXILIAR	2024-07-03	Ativo	1548.43	2
221	ROSIEL CRUZ DANTAS	507	SERVENTE	2024-03-12	Ativo	1548.43	2
222	ROSILDO MARIA DE OLIVEIRA	697	PINTOR	2025-02-03	Ativo	1821.64	2
223	SEBASTIAO CONSTANTINO NETO	559	CARPINTEIRO	2022-10-18	Ativo	1821.64	2
224	SEVERINO CABRAL DO NASCIMENTO	689	AUXILIAR	2025-01-23	Ativo	1548.43	2
225	SIDINEI ALVES DE OLIVEIRA	534	AUXILIAR	2024-05-06	Ativo	1548.43	2
226	SIMONALDO PEREIRA DE ASSIS	290	SERVENTE	2022-01-06	Ativo	1548.43	2
227	TANCREDO BENTO SOARES	723	PEDREIRO	2025-03-19	Ativo	1821.64	2
228	VALDECI TOME DO NASCIMENTO	448	AUXILIAR	2024-01-03	Ativo	1548.43	2
229	VALNEZ DE GOIS MONTEIRO	626	PEDREIRO	2024-09-12	Ativo	1821.64	2
230	VERSIO DOS SANTOS FERNANDES	625	PEDREIRO	2024-09-09	Ativo	1821.64	2
231	WALTER ANTUNES DE FRANCA	225	PEDREIRO	2022-08-01	Ativo	1821.64	2
232	WARLLEY DA SILVA DE GOIS	682	AUXILIAR	2025-01-20	Ativo	1548.43	2
233	WELLINGTON XAVIER C DO NASCIMENTO	512	AUXILIAR	2024-03-18	Ativo	1548.43	2
234	WELTON FRANCO DE JESUS	590	AUX ELETRICISTA	2024-07-17	Ativo	1548.43	2
235	WENDER NASCIMENTO SOUZA	616	GESSEIRO	2024-09-04	Ativo	1821.64	2
236	WESLEY DELMIRO ROCHA	596	SERVENTE	2024-08-05	Ativo	1548.43	2
237	WILDERVAN SANTOS DE OLIVEIRA	740	PINTOR	2025-04-14	Ativo	1821.64	2
238	LARISSA LUANA ALVES ROCHA	601	ASS. ADM APRENDIZ	2024-08-12	Ativo	1069.48	2
239	LUIZ FELIPE SILVA DE PAIVA	707	ASSISTENTE ADM	2025-02-17	Ativo	1069.48	2
240	WINNIE ARIEL SOUZA LOPES	676	ASS. ADM APRENDIZ	2024-11-04	Ativo	1069.48	2
241	IVONALDO SATURNINO DE OLIVEIRA	293	SERVENTE	2023-04-10	Afastado	1548.43	2
242	JOSE DA COSTA BEZERRA	606	GESSEIRO	2024-08-19	Afastado	1821.64	2
243	RAFHAEL ABILIO CORREIA DE MELO	614	AUXILIAR	2024-09-02	Afastado	1548.43	2
244	REGINALDO JEAN DE LIMA	547	PEDREIRO	2024-06-03	Afastado	1821.64	2
245	SEVERINO DELFINO CAMPOS	302	PEDREIRO	2023-04-18	Afastado	1548.43	2
246	WERBSON NUNES XAVIER	161	MONT. ANDAIMES	2021-11-17	Afastado	1821.64	2
\.


--
-- Data for Name: tarefa_responsaveis; Type: TABLE DATA; Schema: public; Owner: postgres
--

COPY public.tarefa_responsaveis (tarefa_id, responsavel_id, percentual, eh_principal) FROM stdin;
\.


--
-- Data for Name: tarefas; Type: TABLE DATA; Schema: public; Owner: postgres
--

COPY public.tarefas (id, nome, created_at, inicio, fim, local_id, tipos_tarefa_id, preco_tarefa_local_id) FROM stdin;
\.


--
-- Data for Name: tipos_tarefas; Type: TABLE DATA; Schema: public; Owner: postgres
--

COPY public.tipos_tarefas (id, nome, funcao) FROM stdin;
1	Massa e 1º demão	PINTOR
2	2ª Demão	PINTOR
\.


--
-- Name: apartamentos_id_seq; Type: SEQUENCE SET; Schema: public; Owner: postgres
--

SELECT pg_catalog.setval('public.apartamentos_id_seq', 1440, true);


--
-- Name: blocos_id_seq; Type: SEQUENCE SET; Schema: public; Owner: postgres
--

SELECT pg_catalog.setval('public.blocos_id_seq', 90, true);


--
-- Name: locais_id_seq; Type: SEQUENCE SET; Schema: public; Owner: postgres
--

SELECT pg_catalog.setval('public.locais_id_seq', 32, true);


--
-- Name: modulos_id_seq; Type: SEQUENCE SET; Schema: public; Owner: postgres
--

SELECT pg_catalog.setval('public.modulos_id_seq', 6, true);


--
-- Name: obras_obra_id_seq; Type: SEQUENCE SET; Schema: public; Owner: postgres
--

SELECT pg_catalog.setval('public.obras_obra_id_seq', 2, true);


--
-- Name: pavimentos_id_seq; Type: SEQUENCE SET; Schema: public; Owner: postgres
--

SELECT pg_catalog.setval('public.pavimentos_id_seq', 360, true);


--
-- Name: precos_tarefa_local_id_seq; Type: SEQUENCE SET; Schema: public; Owner: postgres
--

SELECT pg_catalog.setval('public.precos_tarefa_local_id_seq', 1, false);


--
-- Name: responsaveis_id_seq; Type: SEQUENCE SET; Schema: public; Owner: postgres
--

SELECT pg_catalog.setval('public.responsaveis_id_seq', 246, true);


--
-- Name: tarefas_id_seq; Type: SEQUENCE SET; Schema: public; Owner: postgres
--

SELECT pg_catalog.setval('public.tarefas_id_seq', 1, true);


--
-- Name: tipos_tarefas_id_seq; Type: SEQUENCE SET; Schema: public; Owner: postgres
--

SELECT pg_catalog.setval('public.tipos_tarefas_id_seq', 1, false);


--
-- Name: alembic_version alembic_version_pkc; Type: CONSTRAINT; Schema: public; Owner: postgres
--

ALTER TABLE ONLY public.alembic_version
    ADD CONSTRAINT alembic_version_pkc PRIMARY KEY (version_num);


--
-- Name: apartamentos apartamentos_pkey; Type: CONSTRAINT; Schema: public; Owner: postgres
--

ALTER TABLE ONLY public.apartamentos
    ADD CONSTRAINT apartamentos_pkey PRIMARY KEY (id);


--
-- Name: blocos blocos_pkey; Type: CONSTRAINT; Schema: public; Owner: postgres
--

ALTER TABLE ONLY public.blocos
    ADD CONSTRAINT blocos_pkey PRIMARY KEY (id);


--
-- Name: locais locais_pkey; Type: CONSTRAINT; Schema: public; Owner: postgres
--

ALTER TABLE ONLY public.locais
    ADD CONSTRAINT locais_pkey PRIMARY KEY (id);


--
-- Name: local_ambiente_interno_apartamento local_ambiente_interno_apartamento_pkey; Type: CONSTRAINT; Schema: public; Owner: postgres
--

ALTER TABLE ONLY public.local_ambiente_interno_apartamento
    ADD CONSTRAINT local_ambiente_interno_apartamento_pkey PRIMARY KEY (local_id);


--
-- Name: local_apartamento local_apartamento_pkey; Type: CONSTRAINT; Schema: public; Owner: postgres
--

ALTER TABLE ONLY public.local_apartamento
    ADD CONSTRAINT local_apartamento_pkey PRIMARY KEY (local_id);


--
-- Name: local_area_comum_externa_bloco local_area_comum_externa_bloco_pkey; Type: CONSTRAINT; Schema: public; Owner: postgres
--

ALTER TABLE ONLY public.local_area_comum_externa_bloco
    ADD CONSTRAINT local_area_comum_externa_bloco_pkey PRIMARY KEY (local_id);


--
-- Name: local_area_comum_fachada_bloco local_area_comum_fachada_bloco_pkey; Type: CONSTRAINT; Schema: public; Owner: postgres
--

ALTER TABLE ONLY public.local_area_comum_fachada_bloco
    ADD CONSTRAINT local_area_comum_fachada_bloco_pkey PRIMARY KEY (local_id);


--
-- Name: local_area_comum_interna_bloco local_area_comum_interna_bloco_pkey; Type: CONSTRAINT; Schema: public; Owner: postgres
--

ALTER TABLE ONLY public.local_area_comum_interna_bloco
    ADD CONSTRAINT local_area_comum_interna_bloco_pkey PRIMARY KEY (local_id);


--
-- Name: local_area_comum_modulo local_area_comum_modulo_pkey; Type: CONSTRAINT; Schema: public; Owner: postgres
--

ALTER TABLE ONLY public.local_area_comum_modulo
    ADD CONSTRAINT local_area_comum_modulo_pkey PRIMARY KEY (local_id);


--
-- Name: local_rua local_rua_pkey; Type: CONSTRAINT; Schema: public; Owner: postgres
--

ALTER TABLE ONLY public.local_rua
    ADD CONSTRAINT local_rua_pkey PRIMARY KEY (local_id);


--
-- Name: modulos modulos_pkey; Type: CONSTRAINT; Schema: public; Owner: postgres
--

ALTER TABLE ONLY public.modulos
    ADD CONSTRAINT modulos_pkey PRIMARY KEY (id);


--
-- Name: obras obras_pkey; Type: CONSTRAINT; Schema: public; Owner: postgres
--

ALTER TABLE ONLY public.obras
    ADD CONSTRAINT obras_pkey PRIMARY KEY (obra_id);


--
-- Name: pavimentos pavimentos_pkey; Type: CONSTRAINT; Schema: public; Owner: postgres
--

ALTER TABLE ONLY public.pavimentos
    ADD CONSTRAINT pavimentos_pkey PRIMARY KEY (id);


--
-- Name: precos_tarefa_local precos_tarefa_local_pkey; Type: CONSTRAINT; Schema: public; Owner: postgres
--

ALTER TABLE ONLY public.precos_tarefa_local
    ADD CONSTRAINT precos_tarefa_local_pkey PRIMARY KEY (id);


--
-- Name: responsaveis responsaveis_nome_key; Type: CONSTRAINT; Schema: public; Owner: postgres
--

ALTER TABLE ONLY public.responsaveis
    ADD CONSTRAINT responsaveis_nome_key UNIQUE (nome);


--
-- Name: responsaveis responsaveis_pkey; Type: CONSTRAINT; Schema: public; Owner: postgres
--

ALTER TABLE ONLY public.responsaveis
    ADD CONSTRAINT responsaveis_pkey PRIMARY KEY (id);


--
-- Name: tarefa_responsaveis tarefa_responsaveis_pkey; Type: CONSTRAINT; Schema: public; Owner: postgres
--

ALTER TABLE ONLY public.tarefa_responsaveis
    ADD CONSTRAINT tarefa_responsaveis_pkey PRIMARY KEY (tarefa_id, responsavel_id);


--
-- Name: tarefas tarefas_pkey; Type: CONSTRAINT; Schema: public; Owner: postgres
--

ALTER TABLE ONLY public.tarefas
    ADD CONSTRAINT tarefas_pkey PRIMARY KEY (id);


--
-- Name: tipos_tarefas tipos_tarefas_nome_key; Type: CONSTRAINT; Schema: public; Owner: postgres
--

ALTER TABLE ONLY public.tipos_tarefas
    ADD CONSTRAINT tipos_tarefas_nome_key UNIQUE (nome);


--
-- Name: tipos_tarefas tipos_tarefas_pkey; Type: CONSTRAINT; Schema: public; Owner: postgres
--

ALTER TABLE ONLY public.tipos_tarefas
    ADD CONSTRAINT tipos_tarefas_pkey PRIMARY KEY (id);


--
-- Name: pavimentos unique_bloco_nome; Type: CONSTRAINT; Schema: public; Owner: postgres
--

ALTER TABLE ONLY public.pavimentos
    ADD CONSTRAINT unique_bloco_nome UNIQUE (bloco_id, nome);


--
-- Name: blocos unique_modulo_nome; Type: CONSTRAINT; Schema: public; Owner: postgres
--

ALTER TABLE ONLY public.blocos
    ADD CONSTRAINT unique_modulo_nome UNIQUE (modulo_id, nome);


--
-- Name: modulos unique_obra_nome; Type: CONSTRAINT; Schema: public; Owner: postgres
--

ALTER TABLE ONLY public.modulos
    ADD CONSTRAINT unique_obra_nome UNIQUE (obra_id, nome);


--
-- Name: apartamentos unique_pavimento_nome; Type: CONSTRAINT; Schema: public; Owner: postgres
--

ALTER TABLE ONLY public.apartamentos
    ADD CONSTRAINT unique_pavimento_nome UNIQUE (pavimento_id, nome);


--
-- Name: precos_tarefa_local uq_preco_tipo_local_unidade; Type: CONSTRAINT; Schema: public; Owner: postgres
--

ALTER TABLE ONLY public.precos_tarefa_local
    ADD CONSTRAINT uq_preco_tipo_local_unidade UNIQUE (tipos_tarefa_id, local_id, unidade_medida) DEFERRABLE INITIALLY DEFERRED;


--
-- Name: idx_apartamentos_pavimento_id; Type: INDEX; Schema: public; Owner: postgres
--

CREATE INDEX idx_apartamentos_pavimento_id ON public.apartamentos USING btree (pavimento_id);


--
-- Name: idx_blocos_modulo_id; Type: INDEX; Schema: public; Owner: postgres
--

CREATE INDEX idx_blocos_modulo_id ON public.blocos USING btree (modulo_id);


--
-- Name: idx_locais_obra; Type: INDEX; Schema: public; Owner: postgres
--

CREATE INDEX idx_locais_obra ON public.locais USING btree (obra_id);


--
-- Name: idx_locais_tipo; Type: INDEX; Schema: public; Owner: postgres
--

CREATE INDEX idx_locais_tipo ON public.locais USING btree (tipo_local);


--
-- Name: idx_local_aceb_bloco_id; Type: INDEX; Schema: public; Owner: postgres
--

CREATE INDEX idx_local_aceb_bloco_id ON public.local_area_comum_externa_bloco USING btree (bloco_id);


--
-- Name: idx_local_acfb_bloco_id; Type: INDEX; Schema: public; Owner: postgres
--

CREATE INDEX idx_local_acfb_bloco_id ON public.local_area_comum_fachada_bloco USING btree (bloco_id);


--
-- Name: idx_local_acib_bloco_id; Type: INDEX; Schema: public; Owner: postgres
--

CREATE INDEX idx_local_acib_bloco_id ON public.local_area_comum_interna_bloco USING btree (bloco_id);


--
-- Name: idx_local_acm_modulo_id; Type: INDEX; Schema: public; Owner: postgres
--

CREATE INDEX idx_local_acm_modulo_id ON public.local_area_comum_modulo USING btree (modulo_id);


--
-- Name: idx_local_ambiente_apto_id; Type: INDEX; Schema: public; Owner: postgres
--

CREATE INDEX idx_local_ambiente_apto_id ON public.local_ambiente_interno_apartamento USING btree (apartamento_id);


--
-- Name: idx_local_apto_apartamento_id; Type: INDEX; Schema: public; Owner: postgres
--

CREATE INDEX idx_local_apto_apartamento_id ON public.local_apartamento USING btree (apartamento_id);


--
-- Name: idx_local_rua_nome; Type: INDEX; Schema: public; Owner: postgres
--

CREATE INDEX idx_local_rua_nome ON public.local_rua USING btree (nome_rua);


--
-- Name: idx_modulos_obra_id; Type: INDEX; Schema: public; Owner: postgres
--

CREATE INDEX idx_modulos_obra_id ON public.modulos USING btree (obra_id);


--
-- Name: idx_pavimentos_bloco_id; Type: INDEX; Schema: public; Owner: postgres
--

CREATE INDEX idx_pavimentos_bloco_id ON public.pavimentos USING btree (bloco_id);


--
-- Name: idx_precos_local; Type: INDEX; Schema: public; Owner: postgres
--

CREATE INDEX idx_precos_local ON public.precos_tarefa_local USING btree (local_id);


--
-- Name: idx_precos_tipo_tarefa; Type: INDEX; Schema: public; Owner: postgres
--

CREATE INDEX idx_precos_tipo_tarefa ON public.precos_tarefa_local USING btree (tipos_tarefa_id);


--
-- Name: idx_precos_validade; Type: INDEX; Schema: public; Owner: postgres
--

CREATE INDEX idx_precos_validade ON public.precos_tarefa_local USING btree (validade_inicio, validade_fim);


--
-- Name: idx_responsaveis_obra_id; Type: INDEX; Schema: public; Owner: postgres
--

CREATE INDEX idx_responsaveis_obra_id ON public.responsaveis USING btree (obra_id);


--
-- Name: idx_tarefarespon_responsavel_id; Type: INDEX; Schema: public; Owner: postgres
--

CREATE INDEX idx_tarefarespon_responsavel_id ON public.tarefa_responsaveis USING btree (responsavel_id);


--
-- Name: idx_tarefarespon_tarefa_id; Type: INDEX; Schema: public; Owner: postgres
--

CREATE INDEX idx_tarefarespon_tarefa_id ON public.tarefa_responsaveis USING btree (tarefa_id);


--
-- Name: idx_tarefas_local_id; Type: INDEX; Schema: public; Owner: postgres
--

CREATE INDEX idx_tarefas_local_id ON public.tarefas USING btree (local_id);


--
-- Name: idx_tarefas_preco_id; Type: INDEX; Schema: public; Owner: postgres
--

CREATE INDEX idx_tarefas_preco_id ON public.tarefas USING btree (preco_tarefa_local_id);


--
-- Name: idx_tarefas_tipos_tarefa_id; Type: INDEX; Schema: public; Owner: postgres
--

CREATE INDEX idx_tarefas_tipos_tarefa_id ON public.tarefas USING btree (tipos_tarefa_id);


--
-- Name: idx_tipos_tarefas_nome; Type: INDEX; Schema: public; Owner: postgres
--

CREATE INDEX idx_tipos_tarefas_nome ON public.tipos_tarefas USING btree (nome);


--
-- Name: apartamentos fk_apartamentos_pavimento; Type: FK CONSTRAINT; Schema: public; Owner: postgres
--

ALTER TABLE ONLY public.apartamentos
    ADD CONSTRAINT fk_apartamentos_pavimento FOREIGN KEY (pavimento_id) REFERENCES public.pavimentos(id);


--
-- Name: blocos fk_blocos_modulo; Type: FK CONSTRAINT; Schema: public; Owner: postgres
--

ALTER TABLE ONLY public.blocos
    ADD CONSTRAINT fk_blocos_modulo FOREIGN KEY (modulo_id) REFERENCES public.modulos(id);


--
-- Name: locais fk_locais_obra; Type: FK CONSTRAINT; Schema: public; Owner: postgres
--

ALTER TABLE ONLY public.locais
    ADD CONSTRAINT fk_locais_obra FOREIGN KEY (obra_id) REFERENCES public.obras(obra_id) ON DELETE RESTRICT;


--
-- Name: local_apartamento fk_local_apto_apartamento; Type: FK CONSTRAINT; Schema: public; Owner: postgres
--

ALTER TABLE ONLY public.local_apartamento
    ADD CONSTRAINT fk_local_apto_apartamento FOREIGN KEY (apartamento_id) REFERENCES public.apartamentos(id) ON DELETE CASCADE;


--
-- Name: local_apartamento fk_local_apto_local; Type: FK CONSTRAINT; Schema: public; Owner: postgres
--

ALTER TABLE ONLY public.local_apartamento
    ADD CONSTRAINT fk_local_apto_local FOREIGN KEY (local_id) REFERENCES public.locais(id) ON DELETE CASCADE;


--
-- Name: modulos fk_modulos_obra; Type: FK CONSTRAINT; Schema: public; Owner: postgres
--

ALTER TABLE ONLY public.modulos
    ADD CONSTRAINT fk_modulos_obra FOREIGN KEY (obra_id) REFERENCES public.obras(obra_id);


--
-- Name: responsaveis fk_obra; Type: FK CONSTRAINT; Schema: public; Owner: postgres
--

ALTER TABLE ONLY public.responsaveis
    ADD CONSTRAINT fk_obra FOREIGN KEY (obra_id) REFERENCES public.obras(obra_id);


--
-- Name: pavimentos fk_pavimentos_bloco; Type: FK CONSTRAINT; Schema: public; Owner: postgres
--

ALTER TABLE ONLY public.pavimentos
    ADD CONSTRAINT fk_pavimentos_bloco FOREIGN KEY (bloco_id) REFERENCES public.blocos(id);


--
-- Name: precos_tarefa_local fk_precos_local; Type: FK CONSTRAINT; Schema: public; Owner: postgres
--

ALTER TABLE ONLY public.precos_tarefa_local
    ADD CONSTRAINT fk_precos_local FOREIGN KEY (local_id) REFERENCES public.locais(id) ON DELETE CASCADE;


--
-- Name: precos_tarefa_local fk_precos_tipos_tarefa; Type: FK CONSTRAINT; Schema: public; Owner: postgres
--

ALTER TABLE ONLY public.precos_tarefa_local
    ADD CONSTRAINT fk_precos_tipos_tarefa FOREIGN KEY (tipos_tarefa_id) REFERENCES public.tipos_tarefas(id) ON DELETE CASCADE;


--
-- Name: tarefa_responsaveis fk_tarefarespon_responsavel; Type: FK CONSTRAINT; Schema: public; Owner: postgres
--

ALTER TABLE ONLY public.tarefa_responsaveis
    ADD CONSTRAINT fk_tarefarespon_responsavel FOREIGN KEY (responsavel_id) REFERENCES public.responsaveis(id) ON DELETE CASCADE;


--
-- Name: tarefa_responsaveis fk_tarefarespon_tarefa; Type: FK CONSTRAINT; Schema: public; Owner: postgres
--

ALTER TABLE ONLY public.tarefa_responsaveis
    ADD CONSTRAINT fk_tarefarespon_tarefa FOREIGN KEY (tarefa_id) REFERENCES public.tarefas(id) ON DELETE CASCADE;


--
-- Name: tarefas fk_tarefas_local; Type: FK CONSTRAINT; Schema: public; Owner: postgres
--

ALTER TABLE ONLY public.tarefas
    ADD CONSTRAINT fk_tarefas_local FOREIGN KEY (local_id) REFERENCES public.locais(id) ON DELETE SET NULL;


--
-- Name: tarefas fk_tarefas_preco; Type: FK CONSTRAINT; Schema: public; Owner: postgres
--

ALTER TABLE ONLY public.tarefas
    ADD CONSTRAINT fk_tarefas_preco FOREIGN KEY (preco_tarefa_local_id) REFERENCES public.precos_tarefa_local(id) ON DELETE SET NULL;


--
-- Name: tarefas fk_tarefas_tipos_tarefa; Type: FK CONSTRAINT; Schema: public; Owner: postgres
--

ALTER TABLE ONLY public.tarefas
    ADD CONSTRAINT fk_tarefas_tipos_tarefa FOREIGN KEY (tipos_tarefa_id) REFERENCES public.tipos_tarefas(id) ON DELETE SET NULL;


--
-- Name: local_ambiente_interno_apartamento local_ambiente_interno_apartamento_apartamento_id_fkey; Type: FK CONSTRAINT; Schema: public; Owner: postgres
--

ALTER TABLE ONLY public.local_ambiente_interno_apartamento
    ADD CONSTRAINT local_ambiente_interno_apartamento_apartamento_id_fkey FOREIGN KEY (apartamento_id) REFERENCES public.apartamentos(id) ON DELETE CASCADE;


--
-- Name: local_ambiente_interno_apartamento local_ambiente_interno_apartamento_local_id_fkey; Type: FK CONSTRAINT; Schema: public; Owner: postgres
--

ALTER TABLE ONLY public.local_ambiente_interno_apartamento
    ADD CONSTRAINT local_ambiente_interno_apartamento_local_id_fkey FOREIGN KEY (local_id) REFERENCES public.locais(id) ON DELETE CASCADE;


--
-- Name: local_area_comum_externa_bloco local_area_comum_externa_bloco_bloco_id_fkey; Type: FK CONSTRAINT; Schema: public; Owner: postgres
--

ALTER TABLE ONLY public.local_area_comum_externa_bloco
    ADD CONSTRAINT local_area_comum_externa_bloco_bloco_id_fkey FOREIGN KEY (bloco_id) REFERENCES public.blocos(id) ON DELETE CASCADE;


--
-- Name: local_area_comum_externa_bloco local_area_comum_externa_bloco_local_id_fkey; Type: FK CONSTRAINT; Schema: public; Owner: postgres
--

ALTER TABLE ONLY public.local_area_comum_externa_bloco
    ADD CONSTRAINT local_area_comum_externa_bloco_local_id_fkey FOREIGN KEY (local_id) REFERENCES public.locais(id) ON DELETE CASCADE;


--
-- Name: local_area_comum_fachada_bloco local_area_comum_fachada_bloco_bloco_id_fkey; Type: FK CONSTRAINT; Schema: public; Owner: postgres
--

ALTER TABLE ONLY public.local_area_comum_fachada_bloco
    ADD CONSTRAINT local_area_comum_fachada_bloco_bloco_id_fkey FOREIGN KEY (bloco_id) REFERENCES public.blocos(id) ON DELETE CASCADE;


--
-- Name: local_area_comum_fachada_bloco local_area_comum_fachada_bloco_local_id_fkey; Type: FK CONSTRAINT; Schema: public; Owner: postgres
--

ALTER TABLE ONLY public.local_area_comum_fachada_bloco
    ADD CONSTRAINT local_area_comum_fachada_bloco_local_id_fkey FOREIGN KEY (local_id) REFERENCES public.locais(id) ON DELETE CASCADE;


--
-- Name: local_area_comum_interna_bloco local_area_comum_interna_bloco_bloco_id_fkey; Type: FK CONSTRAINT; Schema: public; Owner: postgres
--

ALTER TABLE ONLY public.local_area_comum_interna_bloco
    ADD CONSTRAINT local_area_comum_interna_bloco_bloco_id_fkey FOREIGN KEY (bloco_id) REFERENCES public.blocos(id) ON DELETE CASCADE;


--
-- Name: local_area_comum_interna_bloco local_area_comum_interna_bloco_local_id_fkey; Type: FK CONSTRAINT; Schema: public; Owner: postgres
--

ALTER TABLE ONLY public.local_area_comum_interna_bloco
    ADD CONSTRAINT local_area_comum_interna_bloco_local_id_fkey FOREIGN KEY (local_id) REFERENCES public.locais(id) ON DELETE CASCADE;


--
-- Name: local_area_comum_modulo local_area_comum_modulo_local_id_fkey; Type: FK CONSTRAINT; Schema: public; Owner: postgres
--

ALTER TABLE ONLY public.local_area_comum_modulo
    ADD CONSTRAINT local_area_comum_modulo_local_id_fkey FOREIGN KEY (local_id) REFERENCES public.locais(id) ON DELETE CASCADE;


--
-- Name: local_area_comum_modulo local_area_comum_modulo_modulo_id_fkey; Type: FK CONSTRAINT; Schema: public; Owner: postgres
--

ALTER TABLE ONLY public.local_area_comum_modulo
    ADD CONSTRAINT local_area_comum_modulo_modulo_id_fkey FOREIGN KEY (modulo_id) REFERENCES public.modulos(id) ON DELETE CASCADE;


--
-- Name: local_rua local_rua_local_id_fkey; Type: FK CONSTRAINT; Schema: public; Owner: postgres
--

ALTER TABLE ONLY public.local_rua
    ADD CONSTRAINT local_rua_local_id_fkey FOREIGN KEY (local_id) REFERENCES public.locais(id) ON DELETE CASCADE;


--
-- Name: responsaveis Delete access for all users; Type: POLICY; Schema: public; Owner: postgres
--

CREATE POLICY "Delete access for all users" ON public.responsaveis FOR DELETE USING (true);


--
-- Name: responsaveis Enable read access for all users; Type: POLICY; Schema: public; Owner: postgres
--

CREATE POLICY "Enable read access for all users" ON public.responsaveis FOR SELECT USING (true);


--
-- Name: responsaveis Insert access for all users; Type: POLICY; Schema: public; Owner: postgres
--

CREATE POLICY "Insert access for all users" ON public.responsaveis FOR INSERT WITH CHECK (true);


--
-- Name: responsaveis Update access for all users; Type: POLICY; Schema: public; Owner: postgres
--

CREATE POLICY "Update access for all users" ON public.responsaveis FOR UPDATE USING (true) WITH CHECK (true);


--
-- Name: SCHEMA public; Type: ACL; Schema: -; Owner: pg_database_owner
--

GRANT USAGE ON SCHEMA public TO postgres;
GRANT USAGE ON SCHEMA public TO anon;
GRANT USAGE ON SCHEMA public TO authenticated;
GRANT USAGE ON SCHEMA public TO service_role;


--
-- Name: FUNCTION checar_soma_100_tarefa(p_tarefa_id bigint); Type: ACL; Schema: public; Owner: postgres
--

GRANT ALL ON FUNCTION public.checar_soma_100_tarefa(p_tarefa_id bigint) TO anon;
GRANT ALL ON FUNCTION public.checar_soma_100_tarefa(p_tarefa_id bigint) TO authenticated;
GRANT ALL ON FUNCTION public.checar_soma_100_tarefa(p_tarefa_id bigint) TO service_role;


--
-- Name: FUNCTION sum_function(a integer, b integer); Type: ACL; Schema: public; Owner: postgres
--

GRANT ALL ON FUNCTION public.sum_function(a integer, b integer) TO anon;
GRANT ALL ON FUNCTION public.sum_function(a integer, b integer) TO authenticated;
GRANT ALL ON FUNCTION public.sum_function(a integer, b integer) TO service_role;


--
-- Name: FUNCTION trigger_checar_soma_100_tarefa(); Type: ACL; Schema: public; Owner: postgres
--

GRANT ALL ON FUNCTION public.trigger_checar_soma_100_tarefa() TO anon;
GRANT ALL ON FUNCTION public.trigger_checar_soma_100_tarefa() TO authenticated;
GRANT ALL ON FUNCTION public.trigger_checar_soma_100_tarefa() TO service_role;


--
-- Name: TABLE alembic_version; Type: ACL; Schema: public; Owner: postgres
--

GRANT ALL ON TABLE public.alembic_version TO anon;
GRANT ALL ON TABLE public.alembic_version TO authenticated;
GRANT ALL ON TABLE public.alembic_version TO service_role;


--
-- Name: TABLE apartamentos; Type: ACL; Schema: public; Owner: postgres
--

GRANT ALL ON TABLE public.apartamentos TO anon;
GRANT ALL ON TABLE public.apartamentos TO authenticated;
GRANT ALL ON TABLE public.apartamentos TO service_role;


--
-- Name: SEQUENCE apartamentos_id_seq; Type: ACL; Schema: public; Owner: postgres
--

GRANT ALL ON SEQUENCE public.apartamentos_id_seq TO anon;
GRANT ALL ON SEQUENCE public.apartamentos_id_seq TO authenticated;
GRANT ALL ON SEQUENCE public.apartamentos_id_seq TO service_role;


--
-- Name: TABLE blocos; Type: ACL; Schema: public; Owner: postgres
--

GRANT ALL ON TABLE public.blocos TO anon;
GRANT ALL ON TABLE public.blocos TO authenticated;
GRANT ALL ON TABLE public.blocos TO service_role;


--
-- Name: SEQUENCE blocos_id_seq; Type: ACL; Schema: public; Owner: postgres
--

GRANT ALL ON SEQUENCE public.blocos_id_seq TO anon;
GRANT ALL ON SEQUENCE public.blocos_id_seq TO authenticated;
GRANT ALL ON SEQUENCE public.blocos_id_seq TO service_role;


--
-- Name: TABLE locais; Type: ACL; Schema: public; Owner: postgres
--

GRANT ALL ON TABLE public.locais TO anon;
GRANT ALL ON TABLE public.locais TO authenticated;
GRANT ALL ON TABLE public.locais TO service_role;


--
-- Name: SEQUENCE locais_id_seq; Type: ACL; Schema: public; Owner: postgres
--

GRANT ALL ON SEQUENCE public.locais_id_seq TO anon;
GRANT ALL ON SEQUENCE public.locais_id_seq TO authenticated;
GRANT ALL ON SEQUENCE public.locais_id_seq TO service_role;


--
-- Name: TABLE local_ambiente_interno_apartamento; Type: ACL; Schema: public; Owner: postgres
--

GRANT ALL ON TABLE public.local_ambiente_interno_apartamento TO anon;
GRANT ALL ON TABLE public.local_ambiente_interno_apartamento TO authenticated;
GRANT ALL ON TABLE public.local_ambiente_interno_apartamento TO service_role;


--
-- Name: TABLE local_apartamento; Type: ACL; Schema: public; Owner: postgres
--

GRANT ALL ON TABLE public.local_apartamento TO anon;
GRANT ALL ON TABLE public.local_apartamento TO authenticated;
GRANT ALL ON TABLE public.local_apartamento TO service_role;


--
-- Name: TABLE local_area_comum_externa_bloco; Type: ACL; Schema: public; Owner: postgres
--

GRANT ALL ON TABLE public.local_area_comum_externa_bloco TO anon;
GRANT ALL ON TABLE public.local_area_comum_externa_bloco TO authenticated;
GRANT ALL ON TABLE public.local_area_comum_externa_bloco TO service_role;


--
-- Name: TABLE local_area_comum_fachada_bloco; Type: ACL; Schema: public; Owner: postgres
--

GRANT ALL ON TABLE public.local_area_comum_fachada_bloco TO anon;
GRANT ALL ON TABLE public.local_area_comum_fachada_bloco TO authenticated;
GRANT ALL ON TABLE public.local_area_comum_fachada_bloco TO service_role;


--
-- Name: TABLE local_area_comum_interna_bloco; Type: ACL; Schema: public; Owner: postgres
--

GRANT ALL ON TABLE public.local_area_comum_interna_bloco TO anon;
GRANT ALL ON TABLE public.local_area_comum_interna_bloco TO authenticated;
GRANT ALL ON TABLE public.local_area_comum_interna_bloco TO service_role;


--
-- Name: TABLE local_area_comum_modulo; Type: ACL; Schema: public; Owner: postgres
--

GRANT ALL ON TABLE public.local_area_comum_modulo TO anon;
GRANT ALL ON TABLE public.local_area_comum_modulo TO authenticated;
GRANT ALL ON TABLE public.local_area_comum_modulo TO service_role;


--
-- Name: TABLE local_rua; Type: ACL; Schema: public; Owner: postgres
--

GRANT ALL ON TABLE public.local_rua TO anon;
GRANT ALL ON TABLE public.local_rua TO authenticated;
GRANT ALL ON TABLE public.local_rua TO service_role;


--
-- Name: TABLE modulos; Type: ACL; Schema: public; Owner: postgres
--

GRANT ALL ON TABLE public.modulos TO anon;
GRANT ALL ON TABLE public.modulos TO authenticated;
GRANT ALL ON TABLE public.modulos TO service_role;


--
-- Name: SEQUENCE modulos_id_seq; Type: ACL; Schema: public; Owner: postgres
--

GRANT ALL ON SEQUENCE public.modulos_id_seq TO anon;
GRANT ALL ON SEQUENCE public.modulos_id_seq TO authenticated;
GRANT ALL ON SEQUENCE public.modulos_id_seq TO service_role;


--
-- Name: TABLE obras; Type: ACL; Schema: public; Owner: postgres
--

GRANT ALL ON TABLE public.obras TO anon;
GRANT ALL ON TABLE public.obras TO authenticated;
GRANT ALL ON TABLE public.obras TO service_role;


--
-- Name: SEQUENCE obras_obra_id_seq; Type: ACL; Schema: public; Owner: postgres
--

GRANT ALL ON SEQUENCE public.obras_obra_id_seq TO anon;
GRANT ALL ON SEQUENCE public.obras_obra_id_seq TO authenticated;
GRANT ALL ON SEQUENCE public.obras_obra_id_seq TO service_role;


--
-- Name: TABLE pavimentos; Type: ACL; Schema: public; Owner: postgres
--

GRANT ALL ON TABLE public.pavimentos TO anon;
GRANT ALL ON TABLE public.pavimentos TO authenticated;
GRANT ALL ON TABLE public.pavimentos TO service_role;


--
-- Name: SEQUENCE pavimentos_id_seq; Type: ACL; Schema: public; Owner: postgres
--

GRANT ALL ON SEQUENCE public.pavimentos_id_seq TO anon;
GRANT ALL ON SEQUENCE public.pavimentos_id_seq TO authenticated;
GRANT ALL ON SEQUENCE public.pavimentos_id_seq TO service_role;


--
-- Name: TABLE precos_tarefa_local; Type: ACL; Schema: public; Owner: postgres
--

GRANT ALL ON TABLE public.precos_tarefa_local TO anon;
GRANT ALL ON TABLE public.precos_tarefa_local TO authenticated;
GRANT ALL ON TABLE public.precos_tarefa_local TO service_role;


--
-- Name: SEQUENCE precos_tarefa_local_id_seq; Type: ACL; Schema: public; Owner: postgres
--

GRANT ALL ON SEQUENCE public.precos_tarefa_local_id_seq TO anon;
GRANT ALL ON SEQUENCE public.precos_tarefa_local_id_seq TO authenticated;
GRANT ALL ON SEQUENCE public.precos_tarefa_local_id_seq TO service_role;


--
-- Name: TABLE responsaveis; Type: ACL; Schema: public; Owner: postgres
--

GRANT ALL ON TABLE public.responsaveis TO anon;
GRANT ALL ON TABLE public.responsaveis TO authenticated;
GRANT ALL ON TABLE public.responsaveis TO service_role;


--
-- Name: SEQUENCE responsaveis_id_seq; Type: ACL; Schema: public; Owner: postgres
--

GRANT ALL ON SEQUENCE public.responsaveis_id_seq TO anon;
GRANT ALL ON SEQUENCE public.responsaveis_id_seq TO authenticated;
GRANT ALL ON SEQUENCE public.responsaveis_id_seq TO service_role;


--
-- Name: TABLE tarefa_responsaveis; Type: ACL; Schema: public; Owner: postgres
--

GRANT ALL ON TABLE public.tarefa_responsaveis TO anon;
GRANT ALL ON TABLE public.tarefa_responsaveis TO authenticated;
GRANT ALL ON TABLE public.tarefa_responsaveis TO service_role;


--
-- Name: TABLE tarefas; Type: ACL; Schema: public; Owner: postgres
--

GRANT ALL ON TABLE public.tarefas TO anon;
GRANT ALL ON TABLE public.tarefas TO authenticated;
GRANT ALL ON TABLE public.tarefas TO service_role;


--
-- Name: SEQUENCE tarefas_id_seq; Type: ACL; Schema: public; Owner: postgres
--

GRANT ALL ON SEQUENCE public.tarefas_id_seq TO anon;
GRANT ALL ON SEQUENCE public.tarefas_id_seq TO authenticated;
GRANT ALL ON SEQUENCE public.tarefas_id_seq TO service_role;


--
-- Name: TABLE tipos_tarefas; Type: ACL; Schema: public; Owner: postgres
--

GRANT ALL ON TABLE public.tipos_tarefas TO anon;
GRANT ALL ON TABLE public.tipos_tarefas TO authenticated;
GRANT ALL ON TABLE public.tipos_tarefas TO service_role;


--
-- Name: SEQUENCE tipos_tarefas_id_seq; Type: ACL; Schema: public; Owner: postgres
--

GRANT ALL ON SEQUENCE public.tipos_tarefas_id_seq TO anon;
GRANT ALL ON SEQUENCE public.tipos_tarefas_id_seq TO authenticated;
GRANT ALL ON SEQUENCE public.tipos_tarefas_id_seq TO service_role;


--
-- Name: DEFAULT PRIVILEGES FOR SEQUENCES; Type: DEFAULT ACL; Schema: public; Owner: postgres
--

ALTER DEFAULT PRIVILEGES FOR ROLE postgres IN SCHEMA public GRANT ALL ON SEQUENCES TO postgres;
ALTER DEFAULT PRIVILEGES FOR ROLE postgres IN SCHEMA public GRANT ALL ON SEQUENCES TO anon;
ALTER DEFAULT PRIVILEGES FOR ROLE postgres IN SCHEMA public GRANT ALL ON SEQUENCES TO authenticated;
ALTER DEFAULT PRIVILEGES FOR ROLE postgres IN SCHEMA public GRANT ALL ON SEQUENCES TO service_role;


--
-- Name: DEFAULT PRIVILEGES FOR SEQUENCES; Type: DEFAULT ACL; Schema: public; Owner: supabase_admin
--

ALTER DEFAULT PRIVILEGES FOR ROLE supabase_admin IN SCHEMA public GRANT ALL ON SEQUENCES TO postgres;
ALTER DEFAULT PRIVILEGES FOR ROLE supabase_admin IN SCHEMA public GRANT ALL ON SEQUENCES TO anon;
ALTER DEFAULT PRIVILEGES FOR ROLE supabase_admin IN SCHEMA public GRANT ALL ON SEQUENCES TO authenticated;
ALTER DEFAULT PRIVILEGES FOR ROLE supabase_admin IN SCHEMA public GRANT ALL ON SEQUENCES TO service_role;


--
-- Name: DEFAULT PRIVILEGES FOR FUNCTIONS; Type: DEFAULT ACL; Schema: public; Owner: postgres
--

ALTER DEFAULT PRIVILEGES FOR ROLE postgres IN SCHEMA public GRANT ALL ON FUNCTIONS TO postgres;
ALTER DEFAULT PRIVILEGES FOR ROLE postgres IN SCHEMA public GRANT ALL ON FUNCTIONS TO anon;
ALTER DEFAULT PRIVILEGES FOR ROLE postgres IN SCHEMA public GRANT ALL ON FUNCTIONS TO authenticated;
ALTER DEFAULT PRIVILEGES FOR ROLE postgres IN SCHEMA public GRANT ALL ON FUNCTIONS TO service_role;


--
-- Name: DEFAULT PRIVILEGES FOR FUNCTIONS; Type: DEFAULT ACL; Schema: public; Owner: supabase_admin
--

ALTER DEFAULT PRIVILEGES FOR ROLE supabase_admin IN SCHEMA public GRANT ALL ON FUNCTIONS TO postgres;
ALTER DEFAULT PRIVILEGES FOR ROLE supabase_admin IN SCHEMA public GRANT ALL ON FUNCTIONS TO anon;
ALTER DEFAULT PRIVILEGES FOR ROLE supabase_admin IN SCHEMA public GRANT ALL ON FUNCTIONS TO authenticated;
ALTER DEFAULT PRIVILEGES FOR ROLE supabase_admin IN SCHEMA public GRANT ALL ON FUNCTIONS TO service_role;


--
-- Name: DEFAULT PRIVILEGES FOR TABLES; Type: DEFAULT ACL; Schema: public; Owner: postgres
--

ALTER DEFAULT PRIVILEGES FOR ROLE postgres IN SCHEMA public GRANT ALL ON TABLES TO postgres;
ALTER DEFAULT PRIVILEGES FOR ROLE postgres IN SCHEMA public GRANT ALL ON TABLES TO anon;
ALTER DEFAULT PRIVILEGES FOR ROLE postgres IN SCHEMA public GRANT ALL ON TABLES TO authenticated;
ALTER DEFAULT PRIVILEGES FOR ROLE postgres IN SCHEMA public GRANT ALL ON TABLES TO service_role;


--
-- Name: DEFAULT PRIVILEGES FOR TABLES; Type: DEFAULT ACL; Schema: public; Owner: supabase_admin
--

ALTER DEFAULT PRIVILEGES FOR ROLE supabase_admin IN SCHEMA public GRANT ALL ON TABLES TO postgres;
ALTER DEFAULT PRIVILEGES FOR ROLE supabase_admin IN SCHEMA public GRANT ALL ON TABLES TO anon;
ALTER DEFAULT PRIVILEGES FOR ROLE supabase_admin IN SCHEMA public GRANT ALL ON TABLES TO authenticated;
ALTER DEFAULT PRIVILEGES FOR ROLE supabase_admin IN SCHEMA public GRANT ALL ON TABLES TO service_role;


--
-- PostgreSQL database dump complete
--

